pair_id,query_id,product_id,query,title,brand,product_text
17373_B07HMWK4C2,17373,B07HMWK4C2,blue drone with camera,"Quadcopter Drone With Camera Live Video, EACHINE E58 WiFi FPV Quadcopter with 120° FOV 720P HD Camera Foldable Drone RTF -25 mins flight time, Altitude Hold, One Key Take Off/Landing,（3Pcs Batteries）",EACHINE,"Take HD pictures and videos, enjoy FPV function: The E58 drone is equipped with a 120° Wide-angle 720P HD Camera including adjustable angle, which captures high-quality video and clear aerial photos. The Wi-Fi real-time transmission FPV system can connect to your phone with the drone and the view will be shown directly on your phone, thus enjoy the world above the horizon, accurately capture photo"
75440_B08BZK1SF6,75440,B08BZK1SF6,olight pl mini 2,Olight PL-PRO Valkyrie 1500 Lumens NW LED Magnetic Rechargeable Tactical Flashlight with Rail Adapter and Built-in Battery (Gunmetal Grey),SKYBEN,"The PL-PRO Valkyrie (PL-PRO) is the rechargeable version of the best-selling tactical flashlight PL-2.
Powered by a built-in rechargeable battery, the PL-PRO delivers two adjustable outputs; 1,500 and 300 lumens.
The rail adapter allows the PL-PRO to be installed on tactical flashlight with a MIL-STD-1913 or GL rail.
It uses a heavy-duty quick attach and release mounting system along with the ambi"
94884_B083BQZV89,94884,B083BQZV89,small sackpack front flag,"YEAHOME Garden Flag Holder Stand, 6mm Weather-Proof Yard Flag Pole Black Metal Powder-Coated Flagpole with Tiger Clip and Rubber Stopper for Garden Flags Outdoor Decoration",YEAHOME,"【STURDY AND MAINTAIN STRAIGHT】- 7.5mm thickened steel stand, High-quality wrought metal with black powder coated flagpole definitely bear more weight without bending and keep the flag stand more straight than Others thin pole. Sturdy and durable enough not to fall over on a windy day or rainy weather.
【EASY ASSEMBLE AND INSTALL】- It's very easy to assemble and comes with instructions. Our garden f"
105424_B01COZ2H36,105424,B01COZ2H36,trtlpillow,"BCOZZY Chin Supporting Travel Pillow- Unique Patented Design Offers 3 Ergonomic Ways to Support The Head, Neck, and Chin When Traveling and at Home. Fully Washable. Large, Gray",BCOZZY,"THE BCOZZY PILLOW IS THE ONLY NECK PILLOW THAT STOPS THE HEAD FROM FALLING FORWARD- The double adjustable loop in the front provides a comfy chin-rest when sitting, and the narrow back is not pushing the head forward. The BCOZZY travel pillow helps to relax and prevent neck pain or sore shoulders.
A UNIQUE DESIGN ALLOWS 3 ERGONOMIC WAYS TO SUPPORT YOUR HEAD- You can adjust the BCOZZY ergonomic pil"
1024_B08RX2CCPQ,1024,B08RX2CCPQ,1.75 reading glasses women without blue light blocking,Blue Light Blocking Reading Glasses for Men - 2 Pack Anti Glare Computer Readers with Spring Hinge Magnification Eyeglasses 1.75,RaoOG,"💎【Anti Harmful Blue Light Glasses】Blue light blocker&UV400 Lenses, Alleviates visual fatigue and discomfort from browsing mobile phones,tablets, gaming and working under fluorescent lights with UVA/UVB protection and glare reduction.
💎【Resin Spring Hinge Frame】Ultra-light and flexible resin frame material for durability and comfortable long-term wearing. Casual frame design keeps you looking profe"
9102_B07KXW61M8,9102,B07KXW61M8,angel shirt from stitch,ROYAL WIND Adult Onesie Costume Pajama Anime for Women Men and Teenagers Birthday,ROYAL WIND,"✅ According Height to choose size---S (Small) 150-162cm[59-63.7""], M (Medium) 163-172cm[64.17-67.7""], L (Large) 173-178cm[68.1-70""], XL (X-Large) 179-188cm[70.4-74""]
✅ BETTER QUALITY: The face on pajama's hood is well sewn. The nose and tail are stuffed. Made of fleece, stitch onesie is warm and also durable. The pictures are of the actual item.
✅ BAGGY DESIGN: You may find the pajama very large b"
1005_B07F2MFYL3,1005,B07F2MFYL3,1.50 mens xl reading glasses without nose piece,"5 Pairs Reading Glasses - Standard Fit Spring Hinge Readers Glasses for Men and Women (5 Pack Mix Color, 1.50)",NORPERWIS,"5 Pairs of Unisex Vintage Round Frame Readers at 1 Low Price
Aren’t you tired of paying steep prices for flimsy glasses that look cheap? Allow your personal style to shine through with 5 Pairs of superbly crafted, ingenious stylishly designer reading glasses.
Multi Color Collection: Multiple colors to choose from.You can optionally change to different color when you are in different occasion。
Valu"
109275_B07X8HRLJJ,109275,B07X8HRLJJ,w & w lifetime,"DasMarine 2Pack of 7 inch Hatch Round Non Slip Inspection Hatch w/Detachable Cover for Marine Boat Yacht, 10"" External Diameter, 7"" Opening Size (Black)",DasMarine,"【Material:】Made of ABS material, anti-aging, anti-corrosive
【Interior and Exterior :】Weather-tight and O-ring sealed deck plates are ideal for interior and exterior applications
【Easy To Install】: Separate cover plate and chassis, easy to install
【Great Design】: Pre-drilled countersunk holes (screws not included); Reinforced design with a non-slip surface
【Package Included】: 2 x 7"" Opening Size Bl"
41429_B07R645F4Z,41429,B07R645F4Z,floral baseball tee,"Zeagoo Women's Polka Dots Shirt Striped 3/4 Sleeve Casual Scoop Neck Tops Tee, Aqua Green, XX-Large",Zeagoo,"Material: 95% Polyester, 5% Spandex. Very comfy, soft, elastic fabric
Features: 3/4 Sleeve, Raglan Sleeve, Scoop Neck, Contrast Color, Loose Fit, Tunic Length, Casual, Fashionable
Unique Style: The baseball style top features a Solid body with striped and Polka Dots sleeves.They are super comfy and flattering on all body types
Occasion: This unique casual Polka dot striped t-shirt well with jeans "
101609_B07LB3YSHH,101609,B07LB3YSHH,teryx 4,"SuperATV Dark Tinted Roof for 2014+ Teryx 4 800 | 1/4"" Polycarbonate 250X Stronger Than Glass | Protects Against Weather and Debris | Snug, Rattle-Free Fit | USA Made!",SuperATV.com,"【Fits】2014+ Kawasaki Teryx 4 800 | Made in the USA! |Great for year-round use
【Enhanced Visibility】With a transparent Kawasaki Teryx Roof, you won't feel boxed in and have better awareness of what's around you. See what's up that hill or dune before you go up and keep your eye ahead on the trail when there's uneven terrain. It lets plenty of light in while still blocking harmful UV rays so you can"
6845_B077VTX4KZ,6845,B077VTX4KZ,adjustable rack shelf,Spicy Shelf Deluxe - Expandable Spice Rack and Stackable Cabinet & Pantry Organizer (1 Set of 2 shelves) - As seen on TV,Spicy Shelf,"Is your Spicy Shelf Deluxe real? See the description to learn how to tell a fake (and poor quality) one from a REAL Spicy Shelf Deluxe
New and improved Spicy Shelf Deluxe! 5 times stronger than the original. Now holds up to 40 pounds and has a ""non-slip"" surface!
Spicy Shelf Deluxe is not just for Spices. With over a million already sold, satisfied customers everywhere are using their Spicy Shelve"
1829_B07B3WF2Y2,1829,B07B3WF2Y2,12 inch miter saw,"Makita LS1219L 12"" Dual-Bevel Sliding Compound Miter Saw with Laser",Makita,"Unique 2-steel rail sliding system design offers single slide-glide operation; reduced saw footprint allows operation flush against a wall
Increased capacity for up to 8"" Crown molding (vertically nested), 6-3/4"" baseboard (vertical), and 15"" crosscuts at 90
In-front bevel lock for convenient operation
Dual dust collection ports provide excellent dust extraction performance
Innovative direct drive"
52848_B07TB596SL,52848,B07TB596SL,imagine not as much,Nlife Women Thou Shall Not Try Me Letter Print Long Sleeve Crew Neck T-Shirt Top,Nlife,"★ SOFT FABRICS: The cute graphic tops for women is made of cotton blend, the fabric is soft and will not shrink significantly in the wash. Recommended machine wash cold inside out with like colors / tumble dry low/hand wash
★ FEATURE: Thou Shall Not Try Me t shirt with sayings, funny tank tops letter print design. Preshrunk cotton material, it is very comfy and stretchy to wear. Sleeveless tank to"
1755_3740812176,1755,3740812176,111 places in washington that you must not miss,111 Places in Women's History in Washington That You Must Not Miss (111 Places in .... That You Must Not Miss),,
18269_0399580107,18269,0399580107,bong,Bong Appétit: Mastering the Art of Cooking with Weed [A Cookbook],Ten Speed Press,
45218_B078WY2VTB,45218,B078WY2VTB,gift victor franko,The Meaning of Life: One man's journey and discovery of life's most important question,,Why are we here? Does life have a purpose? The answer to both of these questions and an explanation of what is enlightenment and how do you become enlightened.
114906_B07HF4FGDK,114906,B07HF4FGDK,yellow toilet seat cover and rug set,"Pauwer Bath Rug Set 2 Piece Microfiber Bathroom Mats and U-Shaped Toilet Rug Non Slip Bath Rugs Machine Washable Absorbent Shaggy Bath Mats for Tub, Shower, Bathroom Floor (21"" x 34""+20""x 20"", Grey)",Pauwer,"[PAMPER YOUR FEET] - This soft microfiber shag bathroom mat is constructed with thousands of individual polyester microfiber shags, sink your toes into the comfortable contentment of a bathroom floor mat. Soft pile that soothes tired foot and shields toes from the cold floor.
[ULTRA ABSORBENT] - The microfiber shagggy bath rug is more absorbant than cotton bath rugs. 0.6"" high piles help to save y"
78186_B097RPHJL6,78186,B097RPHJL6,paul and rich,Frosted Star Dust - Silver 45 mm,PR Paul Rich,"KEEP TIME BOLDLY with Paul Rich Luxury Watches for men. Our Frosted Star Dust Mens Dress Watches exude taste and sophistication, signaling that you have arrived professionally and that time is money.
ACCURATE AND RELIABLE Paul Rich Watches for men use globally recognized Miyota Quartz movements for accuracy and reliability. When seconds count, our mens luxury watch collection keeps you on-schedule"
20352_B077T78C4V,20352,B077T78C4V,buffalo plaid dining chair cushions,"Pillow Perfect Indoor/Check Please Thunder Chair Pad, Reversible, Black, 2 Piece",Pillow Perfect,"Includes two (2) decorative chair pad cushions filled with 100-percent polyester fiber filling; suitable for indoor use
Attached ties keep chair cushion securely fastened to your furniture
Easy care - lightly spot clean or handle wash fabric with mild detergent and cool water; then let air dry. Recycled polyester fiber fill is plush, comfortable, and long-lasting; sewn seam closure
Measures: 16-in"
36821_B07BNYQ8PS,36821,B07BNYQ8PS,eggshell mattress pad twin,"Best Price Mattress 3 Inch Egg Crate Memory Foam Mattress Topper with Soothing Lavender Infusion, CertiPUR-US Certified, Twin",Best Price Mattress,"Amazing comfort from body conforming memory foam
Responsive active suspension isolates motion so no disruption for your sleep partner
Body conforming memory foam which provides incredible comfort throughout the body
3 year
CertiPUR us certified memory foam"
53393_1951056779,53393,1951056779,inside family therapy,"Ninja Life Hacks Emotions and Feelings 8 Book Box Set (Books 1-8: Angry, Inventor, Positive, Lazy, Helpful, Earth, Grumpy, Kind)",,
97499_B07YYSMX6S,97499,B07YYSMX6S,stance socks women,"Randolly Women's Fashion Gothic Style Printed Stretch Skinny Leggings, Ladies Pencil Skinny Sport Pants Tights Trousers S-3XL",Randolly,
101655_B001KBYPIG,101655,B001KBYPIG,teton hydration backpack,"TETON Sports Scout 3400 Internal Frame Backpack; High-Performance Backpack for Backpacking, Hiking, Camping; Mecca Orange",TETON Sports,"NOT YOUR BASIC BACKPACK: Continues to be the top selling internal frame backpack on Amazon at a great price for all the included features; Backpack for men and women
VERSATILE QUICK TRIP PACK: Just right for youth and adults for light backpacking trips; best for 2-4-day adventures; 3400 cubic inches (55 L) capacity; weighs 4.5 pounds (2 kg)
COMFORT YOU CAN CUSTOMIZE: Multi-position torso adjustmen"
50750_B075WSLRFQ,50750,B075WSLRFQ,hitachi massage wand original,"Cordless Wand Massager- 20 Vibration Patterns 8 Powerful Speeds, USB Rechargeable Handheld Personal Body Massager for Muscle Aches and Sports Recovery.",James love,"❤ FATIGUE RELIEF - The Wand Massager is your move personal masseuse, Relieves built-up muscle tension and pain . Built for deep tissue body massage.
❤ 20X8 POWERFUL PULSATION - This Body Massager provide powerful 20 parttens & 8 8peeds vibration setting. Delivers you intense, concentrated power to your tense muscles! Choose the suitable frequency and fully relax yourself!
❤ CORDLESS AND USB RECHAR"
548_B08R3HNZKQ,548,B08R3HNZKQ,06 tailgate without clearance lights,"Cab Marker Lights, Nifeida 12LED Cab Roof Top Lamp Clearance Running Light Replacement Kit for 2003-2018 Dodge Ram 1500 2500 3500 4500 5500 Pickup Truck(5Pack) (Smoke Lens)",nifeida,"💡【Fit For】2003-2010 Dodge Ram 1500 2500 3500 4500 5500, for 2011-2018 Ram 1500 2500 3500 4500 5500 pickup trucks with stock cab marker lights. ☛☛100% SATISFACTION: We offer worry-free refund & 12month warranty, you can feel comfortable to buy and use.
💡【High Quality】Nifeida roof marker lights made of durable ABS material which have been UV treated, so they will not fade from prolonged exposure to "
79595_B08CZRLLC7,79595,B08CZRLLC7,phone sap,Cellphone Cleaning Box Phone Soap Mobile Phone Cleaning Box | USB Charging for iOS Android Phone Toothbrush Jewelry Watches Makeup Box,PUREFUL,"【Comprehensive 360 Degree Exposure】Double side of the tube crossed Exposure, 360 degrees circulation without dead Angle, Ensures maximum coverage and effectiveness.
【Aromatherapy Function】Built-in incense tablets, A aroma slot at a corner allows you to put a few drops of perfume or essential oil there. If the item needs aromatherapy, After adding essential oils, press the right aromatherapy key to"
39081_B082QV3Z49,39081,B082QV3Z49,fab lip therapy,"Chap-Lip Vitamin E Lip Balm with Coconut Oil - Lip Moisturizer Treatment - Moisturizing, Soothing, Refreshing, Total Hydration Treatment & Lip Therapy - Assortment of 6 Refreshing Flavors, 48 Count",Chap-Lip Lip Balm,"CHAP-LIP LIP BALM - Jar of 48 tubes, variety of 6 refreshing flavors, 8 from each: Grape, Cherries, Original, Berries, Citrus, & Coconut. The flavors are subtle but unmistakably refreshing. These flavors help moisturize and soothe your lips
MOISTURIZING TREATMENT - Moisturizing, Soothing, & Refreshing, with Vitamin E. Get relief from cold sores, fever blisters, and chapped lips. Our Chap Lip lip b"
6973_B085MXBDYM,6973,B085MXBDYM,adult stickers for men bomb,"150pcs Superhero Vinyl Waterproof Stickers for Laptop Hydro flasks Water Bottles Bikes Luggage Skateboard Bumper, Graffiti Stickers with Party Favors for Kids",zheyistep,
105693_B074X9ZCP2,105693,B074X9ZCP2,tummy control lingerie for women for sex,Vorifun Women Fishnet Lingerie See Through Sleepwear One Piece V-Neck Babydoll Mini Dress One Size (Black),Vorifun,"Made of high quality fabric, very soft and comfortable.
10 colors to choose from, you are bound to find one color that is your favorite and suits you best.
Occasion: Nightwear, Sleepwear, Underwear, or Clubwear. Perfect for valentine's day, anniversaries, date nights, wedding nights, honeymoon, lingerie party, sleeping,
Excellent flexibility ! Free size :One size fits XS~XXL .
Package Content: 1 x"
86327_B07P1CJFT5,86327,B07P1CJFT5,red dead redemption 2 xbox one,"DreamController Original Wireless Custom Xbox One Controller - Xbox One Custom Controller Works with Xbox One S/Xbox One X/PC/Laptop with Windows 10, Custom Anti-Slip Gaming Controller with Bluetooth",DreamController,"This design x box one controller and special editions material reduce the weight of the product, and the anti-slip design on both sides make sure you can still enjoy with it after a long period of use with longer lasting comfort and gameplay
This x box controllers can be compatible with x box one, x box one x, Windows 10 and other platforms.
The x box one original wireless controller includes a br"
26650_B00CZ9LV9I,26650,B00CZ9LV9I,clean dump bypass kit,Clean Dump CDDK Grey Water Bypass Kit,Clean Dump,"Ball Valve To Avoid Paper Plugs When Dumping Black Tank
Item Package Weight:0.249 Kilograms
Package Dimensions: 22.86 L X 2.794 H X 17.018 W (Centimeters)
Product Type:Auto Accessory"
58256_B08268W4LT,58256,B08268W4LT,kinetico k5 drinking water station,K5 REVERSE OSMOSIS SET OF TASTE ODOR 9306B & CARBON SEDIMENT FILTER 9461A,KINETICO,Reverse Osmosis
17451_B08BG5VZCB,17451,B08BG5VZCB,blue reusable straws,KKMO 5 Pieces Stainless Steel Reusable Drinking Straws with 1 Cleaning Brush Ring Design Black Blue Purple Laser Rainbow Silver Color for Mason Jar Yeti,KKMO,"✔ Package Includes:5 PCS (Rainbow,Black,Blue,Silver,Purple)reusable stainless straws + 1 cleaning brush.Before using them,you have better washing them firstly. You can reuse them at various parties, also great for carrying while traveling with KKMO our storage bag
✔ Material: Crafted from Elegant Polished 100% Food Grade Stainless Steel. Type 304 grade 18/8. Will Not Rust, Dent or Break. Straws Cl"
24317_B08GS54QT1,24317,B08GS54QT1,cemetery without crosses,"Artigarden 76 inch Outdoor Shepherd Hook with 5 Prong Base (2 Packs), Adjustable Heavy Duty Garden Hanging Stake for Bird Feeder Solar Light Plant Hanger Wedding Decor, Matte Black",Artigarden,"♥ Extendable & Tall Hook Hanger: The outside shepherd’s hook hanger made of 3/5 inch width & 2mm thickened steel pipe with 5 solid anchor points, you can free to adjust the suitable height for 76’’, 60 "" or 44 "", and also make it stands firmly in the ground without easily falling down, no fear of severe weather such as strong winds, heavy rains, and blizzards, （2 PACK / SET）
♥ Total 5 Base Prongs "
92130_B08X11HGPG,92130,B08X11HGPG,sexy womens shorts,FAFOFA Women's Sexy Sports Bra Ribbed Seamless Bodycon Booty Shorts Sets GMY 2 Piece Outfits Beige L,QINSEN,"MATERIAL: 78% nylon + 22% spandex, ribbed stretchy fabric; high impact;quick-drying fabric Wear-resistant high elastic,skin-friendly, Moisture wicking,comfortable,breathable.medium thickness, moisture wicking and quick dry. 4-way stretch material to promote both soft and compression.
MOISTURE WICKING:knit ribbed material has strong sweat absorption capacity,Let your skin get rid of stickiness,It p"
78470_B07PJ41WPD,78470,B07PJ41WPD,pearl percussion kit,EASTROCK Drum Keys 3-Pack with Continuous Motion Speed Key Universal Drum Tuning Key Percussion Hardware Tool,EASTROCK,"Material: The Drum Key are made of high quality chrome-plated steel construction.
Use: Perfect for all drums with standard 1/4"" Socket square tension Rods.
Package: 4 of the Most Popular Drum Keys in One Economical Bundle!
Convenience: It's perfect as a spare to keep in your stick bag or around the rehearsal space.
Features: The complete line of EastRock parts and accessories are designed for each"
70230_B079CR71SL,70230,B079CR71SL,moldes para resina epoxi,"Incredible Solutions Crystal Clear Cast Tabletop Epoxy, UV Resistant High Gloss Finishing, Bar Countertop Resin Coating, Easy-to-Use 1:1 Mixing Ratio, Acrylic Glossy Coat, DIY Self-Leveling - 1 Gallon",Incredible Solutions,"💎 The Ultimate CRYSTAL CLEAR EPOXY – Our Table Top Epoxy cures ultra clear making it perfect for table tops, bar tops, and countertops. The custom Epoxy formulation allows for minimal bubbles, goes on smooth, helps eliminate fish eyes, craters and various other imperfections. We only offer what we use. Plus, unlike many other epoxies, our epoxy resists yellowing caused from exposure to Ultra Viole"
26792_B07BHCS2HW,26792,B07BHCS2HW,clearance items under 5 dollars,"Newtons Soft & Fruit Chewy Fig Cookies, 12 Snack Packs (2 Cookies Per Pack)",Newtons,
2501_B071KWLJH6,2501,B071KWLJH6,2 1/2 inch trailer hitch,Receiver Hitch Adapter (RH-252C) - 2.5 inch to 2 inch - Made in U.S.A.,Rigid Hitch,"Reduces 2-1/2 inch receiver opening to a 2 inch opening.
Black powder coat finish
Tack welded collar - May Stick Out Slightly
Fits 2-1/2"" receivers. See pictures to the left of this listing for schematic drawing.
Read product description below for more detailed information"
70931_B07TKSRYY1,70931,B07TKSRYY1,motorcycle helmet costime,"HONCENMAX Motorbike Off-Road Riding Goggles Glasses with Skull Face Mask - for Tactical Helmet M88,MICH Motorcycle Open Face Helmet - for Spooky Decor Halloween Mask Cos Mask",HONCENMAX,"【Dimension】18*17CM (8*7in), only weighting 7.0oz/200g. High quality compact TPU mask with dust proof HD PC lens to provide you with a better view during motorcycle riding.
【Skull Design】It follows the human head and the shape of the face. It fits closely to your face, more comfortable to wear.
【Comfortable】 Perforated mouth area assures breathability, comfortable and breathable. Adjustable Non-sli"
94390_B07TXM4QZG,94390,B07TXM4QZG,sliding mouse wrist rest,StarTech.com Wrist Rest - Ergonomic Desk Wrist Pad - Sliding Wrist Rest for Mouse - Silver Fabric - Office Wrist Support (ROLWRSTRST),StarTech,"Supports your wrist: This ergonomic wrist rest helps to support your wrist while using your mouse or typing, to reduce strain and enhance your comfort at work. Use it on your desk, table or sit-stand workstation
Sliding wrist rest: as you move your mouse, The wrist rest moves with you, providing comfort and slight cushioning. The sliding wrist rest provides more mobility than a static product like"
66516_B07RZHKKQW,66516,B07RZHKKQW,max from stranger things wig,Karlery Men Women Rocker Short Bob Curly Brown Gold Mustache Beard Wig California Halloween Cosplay Wig Anime Costume Party Wig,karlery,"100% Brand New
Adjustable Size: The maximum circumference approx 21~24inch/54~62cm(exist 1~2cm normal error), the size of wig cap is adjustable, which can fit different head size
High Quality: 100% high-quality high-temperature synthetic fiber,which is very suitable for long term use Wig color may vary due to different monitor or lights
Wig color may vary due to different monitor or lights
Functio"
53284_B07T3QDHDL,53284,B07T3QDHDL,inflatable travel pillow with pump,"Upgraded with Pump (1x) Inflatable Travel Foot Rest Pillow | Kids Airplane Bed to Sleep | Adjustable Height Leg Pillow | Best Kids Travel Accessories for Air (2, Grey with Pump)",BONAIR OUTFITTERS,"BEST SOLUTION FOR PARENTS TRAVELING WITH KIDS: No more sleepless flights. Let your kids sleep through the long-haul flights. Creates a travel bed for your children to sleep on. Height-adjustable inflatable footrest fits between airplane seats and car seats
ATTENTION: 2 Grey with pump comes with 1 Built-in Black Pump. No more sleepless flights. Let your kids sleep through the long-haul flights. Cre"
10125_B07DM5LBK5,10125,B07DM5LBK5,arcade console fitting,Kiddie Play Toy Basketball Hoop Arcade Game indoor Sports Toys for Kids,Kiddie Play,"2 inflatable balls and pump included. Easy to assemble no screws or tools required
Ball size - 7"" diameter. Hoop size - 9"" diameter
Large mesh storage basket in the bottom
Let your toddler enjoy hours of indoor play with this arcade basketball hoop
Dimensions: 35.5"" L x 18.5"" W x 55.2"" H"
102700_B07HPCGMLW,102700,B07HPCGMLW,thin fabric braided extension cords 12ft,"Cordinate Designer 3-Outlet Power Strip with Surge Protection, 10 Ft Braided Extension Cord, Tamper Resistant Safety Outlets, Low-Profile Flat Plug, ETL Listed, Black/Dark Heather, 43013",Cordinate,"Power More – The 3 outlets and the 10ft extra-long power cord allow you to power your iPhone Android laptop tablet Nintendo Switch Fitbit smartwatch Bluetooth speaker TV sound system or lamps in any space
Surge Protection – This unit features internal surge protection to safeguard your connected equipment from brief spikes in voltage that can be harmful to your devices A UL listing and hassle-free"
114851_B07G5XGQ2L,114851,B07G5XGQ2L,yellow gold turtleneck,"Speerise Adult Shiny Metallic One Pieces Turtleneck Dance Leotard Bodysuit Costume, S, Gold",speerise,"Mock neck style, sleeveless, zipper back
It's close-fit type, size may run small, a size up recommend
The perfect stand-out leotard for dance, gymnastics, or clubwear
In order to keep shiny better, better not wash it, or just wipe it with wet towel gently or turn inside out, and just wash or wipe inside"
80448_B0797CMZ15,80448,B0797CMZ15,pioneer dj speakers,Pioneer DJ RB-DMX1 - Rekordbox DMX Interface - DMX512,Pioneer DJ,"Highly compact and portable, yet robust in its seamless aluminum casing with extended edges that protect the terminals
Dramatically reduce pre-show prep with the automatically-generated patterns and then quickly customize them on the fly by choosing from a range of presets
Quickly connect to and control compatible DMX512 fixtures via a USB cable
Easily sync lights and music with Lighting mode, an "
102365_0882848623,102365,0882848623,the romantic period,"The Romantic Spirit (1790--1910), Bk 2: 21 Intermediate to Early Advanced Piano Solos Reflecting the Influence of 13 Great Composers on the Romantic Period, Book & CD (The Spirit Series, Bk 2)",Alfred Publishing,
194_B019JI9SZQ,194,B019JI9SZQ,* batteries not included,Short Circuit,,
55891_B004LR5NEG,55891,B004LR5NEG,jet ski trailer,"Shoreline Marine Trailer Coupler Lock, Single",Shoreline Marine,"Helps Prevent Theft
Corrosion Resistant
Screw Type
Stainless Steel
Two keys included"
57622_B07MM5T7YW,57622,B07MM5T7YW,kid rain boots,"Sorel Madson Moc Toe Waterproof Boot - Men's Elk, 11.5",Sorel,"The Sorel Men's Madson Moc Toe Waterproof Boot is rugged, refined and ready for action. The Madson Moc Toe brings a casual, contemporary look to the traditional moc toe, letting you trek in style over wet and dry surfaces. This stylish rain boot combines all-around waterproof construction and a sturdy, rubberized outsole with durable full-grain leather in a clean, minimalist profile for a comforta"
12188_B07L7NPLPJ,12188,B07L7NPLPJ,baby side sleeping positioner,Baby Stereotypes Pillow Infant Newborn Anti Rollover Mattress Pillow for 0 12 Months Baby Sleep Positioning (Grey),VoPee,"Incredibly Portable-Lightweight, practical, portable for easy travel, take our portable infant lounger pillow with you, wherever you go - hotels, playdates, parks, and more!
The material is baby blanket soft and the supportive structure is optimal for keeping your neck in better alignment while relaxing, or even snoozing;
Cottony-cute fabric. Recommended age - 0-12 months；
Specially designed seat "
99440_B0812B4HBM,99440,B0812B4HBM,supreme brand clothing,"Champion Kids Clothes Boys Performance Big Logo Tech Athletic Tee Shirt (Large, Black)",Champion,"THE ULTIMATE TECH TEE: Introducing Champion's signature tech tee. Champion's tech fabric is quick drying, ultra fast and has a more natural feel, the 100% Polyester fabric composition gives the tee shirt more of an athletic feel as opposed to our Cotton Tee Shirts. This T shirt is perfect for any active activities, including basketball, football, soccer, baseball, gym class, or to just casually we"
47401_B01IF7KODW,47401,B01IF7KODW,greenbay in pink,Leotruny Over the Calf Tube Socks (White/Green/Yellow),Leotruny,"Fit Shoe Size: Mens 6-12 Womens 7-13
Over the calf length and triple stripes
Approximate leg length is 11"" (28cm)
Soft knit material,ribbed upper
1 pair in each Leotruny package"
85311_B078Y9BHNV,85311,B078Y9BHNV,rae dunn not today satan mug,"Dicksons Not Today Satan, I'm Armed Black with Lavender 11 Ounce Ceramic Coffee Mug",Dicksons,"Made of quality ceramic; Microwave and dishwasher safe
Holds up to 11 fluid ounces of your favorite hot or cold beverage
Features 'Not today Satan…' and Ephesians 6:11-17 inspirational sentiment
Perfect for adding a special touch to your favorite daily drink
Carefully packaged within fitted box for easy gifting"
10125_B001UW9Z6M,10125,B001UW9Z6M,arcade console fitting,Arcade Zone - Nintendo Wii,ACTIVISION,"Fully 3D arcade with 5 visually distinct themed environments - Arcade, Egyptian, Aztec, Haunted, and Pirate. Create and customize your character and play through all the games to unlock the Arcade Master Zone for a face-off with the resident arcade legend
“Classic retro video games” incorporated in each zone: Freeway, Atlantis, Megamania, and Kaboom! Beat the retro games and earn old-school patche"
5689_B07FK94YHD,5689,B07FK94YHD,"I would buy a vintage jean jacket, with a shearling lined interior. ","Levi's Men's Soft Shell Two Pocket Sherpa Lined Hooded Trucker Jacket, Graphite Heather, Large",Levi's,"FUNCTIONALITY: Dual front closure front zipper and snaps; Two flap pockets with snap closures at the chest; Two lower welt pockets at the waist and a hidden interior pocket with zipper closure for added storage and security
STYLISH FEATURES: Attached Sherpa lined hood with adjustable drawstrings for comfort; adjustable snap cuffs for desired fit; inner quilted lining
WARMING FEATURES: Fully Sherpa"
53752_B07CVW4JCS,53752,B07CVW4JCS,ip camera,"HDView Convert Analog Cameras to IP Cameras, PoE Realtime Encoder Converter Adapter, DVS, Support 4MP AHD 2MP TVI/AHD Cameras",HDView,"[IMPORTANT] The converted IP camera can be connected by IE web browser, NVMS1000 software from the CD or download from our website, and HDView branded NVR. If you connect the camera with another brand of NVR, you may encounter Onvif compatibility issue. Please use IPTOOL software (in the CD or our website) to find the camera's IP in your computer. Please reach us if you need tech support (email fr"
85118_B01D6TGVHW,85118,B01D6TGVHW,quirky readin,"First Lines Literature Coffee Mug - The Greatest Opening Lines Of Literature, From Anna Karenina to Slaughterhouse Five - Comes in a Fun Gift Box - by The Unemployed Philosophers Guild",The Unemployed Philosophers Guild,"Featuring 24 opening lines of some of the greatest works of literature.
12 oz. mug. Dishwasher and microwave safe.
From the Unemployed Philosophers Guild. Don't worry. We are employed, just not as philosophers. We're a small, Brooklyn based company specializing in gifts for the sophisticated gift giver. For whatever you need, we have presents of mind."
8384_B07H23DNXJ,8384,B07H23DNXJ,altruist dermatologist face fluid,"W3LL PEOPLE - Natural Bio Base Baked Foundation | Clean, Non-Toxic Makeup (Fair Golden)",W3LL PEOPLE,"Enjoy A Naturally Flawless, Smoother Complexion With A Weightless, Modern Semi-Matte Finish
Combines The Utility Of Pressed Powder With The Skincare Benefits Of Cream, The Bio Baked Collection Offers Easy, Travel-Friendly Portability, Foolproof Application & A Velvety Soft Formula That Bonds To The Skin Like A Liquid Cosmetic For Effective, All-Day Wear
Certified Organic & Natural Ingredients
Vega"
1857_B07KPKVF45,1857,B07KPKVF45,12 oz hydroflask,"Flaskars Protective Silicone Boot for 12oz - 40 oz Hydro Sport Water Bottles Flask Anti-Slip Bottom Sleeve Cover (Grey, Fits 32 oz and 40 oz Bottles)",Flaskars,"✔ FITS PERFECTLY - Available in two sizes that allow for a flexible compatible with the 12-24 oz water bottles or the 32 and 40 oz water bottles.
✔ MAXIMUM PROTECTION - This durable bottom boot helps protect against dents, dings and damage. Give your water bottle a longer life.
✔ A MUST HAVE FOR YOUR BOTTLES - It's the perfect stainless steel water bottle accessory for your active, on-the-go lifes"
31853_B08S3GBHL8,31853,B08S3GBHL8,ddj sx3,"RANE ONE - Complete DJ Set and DJ Controller for Serato DJ with Integrated DJ Mixer, Motorized Platters and Serato DJ Pro Included",Rane,"Complete Serato DJ System – DJ Controller with integrated DJ mixer for Serato DJ Pro (download included) featuring 2 decks of control and dual USB laptop connections for seamless handoffs
Personalize your DJ Set - Six quick-launch FX with dual metal paddles; Instant loop controls; Eight performance pads per deck to access cues, loops, rolls, slicer, samples and Serato’s Scratch Bank
Touch and Feel"
5184_B016V6U6CI,5184,B016V6U6CI,75 carat diamond rings curved,"Near 1 Carat Carat Round Cut Diamond Solitaire Engagement Ring 14K White Gold 6 Prong (K, I1, 0.85 c.t.w) Ideal Cut",Houston Diamond District,"Houston Diamond District offers a 30 day return policy on all of its products
We only sell 100% Natural, conflict free diamonds.
Direct Manufacturer Prices & Free Certificate of Authenticity"
43685_B084QMKN3F,43685,B084QMKN3F,futon without mattress,Kodiak Furniture Linen Charcoal Full-size Futon Mattress Only,Kodiak Furniture,"276 coil hinged innerspring unit
High density foam construction
Made in U. S. A
Decorative tufting on cover
Meets all flammability standards"
7839_B084DGCM79,7839,B084DGCM79,alesis forge drum kit,Alesis Surge Electronic Drum Rack Mount Clamp - 1.5 Inch - 102370013-A [Compatible with Roland/Yamaha/Simmons/Ion],Alesis,"For electronic drum rack's with a 1 1/2 inch diameter
Compatible with: Surge Mesh Kit, Command Mesh Kit, Forge Kit, Strike Kit(s), Crimson Kit(s)
Compatible with Roland/Yamaha/Simmons/Ion racks that have 1 1/2 inch tubes
*Not compatible with the Alesis Nitro Kit (uses unusual rack size)
*Please note – This product is sold as parts, ie- the manufacturer ships it out in clear plastic only, no commer"
75296_B07P1FX1PV,75296,B07P1FX1PV,oil glock 21,"Hoppes 9 Elite Gun Cleaning kit - Gun Bore Cleaner and Lubricant Oil with 14.9 ML Precision Lubricator and 25-40 Patches for .38, 9mm.40.44 and .45 Caliber",HOPPE'S,"2 OZ HOPPES NO 9 CLEANER SOLUTION - Ultra Effective and potent solvent for removing primer, powder, lead and metal fouling for preventing rust. Quick, super-efficient, safe and easy to use. Flows freely and penetrates rapidly.
2 OZ HOPPES NO 9 LUBRICATING OIL - High viscosity oil refined to perfection for use in firearms, fishing reels and other precision mechanisms. Does not harden, gum or become"
83594_B07G8NDVT2,83594,B07G8NDVT2,proform dumbbell set,Weider Select-A-Weight Adjustable 50 Pound Dumbbell Weights Pair with Rack for Strength Exercise Workouts,Weider,"Replaces Multiple Dumbbells - With just the switch of a selector, change your resistance from 10 lbs (4.5 kg) all the way up to 50 lbs(22.67 kg) of weight. Say goodbye to sets of dumbbells cluttering your workout space.
Wider Weight Range - With the weight range that adjusts up to 50 lbs each, you'll continue to see results as your fitness level improves. Adjust in 10 lb (4.5 kg) increments so you"
61231_B00JYD5AGI,61231,B00JYD5AGI,lego baseball,NFL Electric Football Game,Tudor Games,"Nfl Electric football lets you call the plays to March your football action figures down the vibrating gridiron! It's the world's favorite football game on the big stage of the National football League!
The original Tudor Games NFL Electric football game is back, and it's better than ever.
The PlayAction remote control places the fate of your offense in the palm of your hand, with its on-board var"
101795_B086CY5GK6,101795,B086CY5GK6,the amazon nightgown dress,"UGG Women's Henning Sleep Dress II, Grey Heather, M",UGG,"Lightweight Jersey Knit sleepdress with shirttail hem
Banded henley neckline with button front closure
Chest pocket with contrast self piping
UGG logo shell buttons
UGG woven flag label on wearer’s left side seam"
1088_B01HPCWUDK,1088,B01HPCWUDK,1/24 tesla without sounds,Toy Fire Truck with Lights and Sounds - 4 Sirens - Extending Ladder - Powerful Friction Rolling - Firetruck Fire Engine for Toddlers & Kids,FUNERICA,"✅ JUST LIKE THE REAL THING - Fire truck features flashing lights, Lights inside the Truck, 4 real life sounds, and an extendable ladder! children can imagine themselves at the rescue saving the day. FREE Bonus: 5 Toy Figurines Included!
✅ POWERFUL WHEELS FEATURE - Friction truck glides quickly and evenly over hard surfaces to delight kids, teaches cause and effect as children will learn that the w"
59652_B084GDXD2D,59652,B084GDXD2D,lake life gifts,"Bundle of 2 (20 ct) Blue White Paper Beverage Napkins, Life Is Better At The Lake, My Happy Place Is At The Lake",DHE,"Bundle of 2 packages of beverage cocktail napkins from Paperproducts Design; total 40 pieces
Blue and white napkins have a whitewash fence with the statements: 'My happy place is at the lake' and 'Life is better at the lake'
Each package has 20 disposable beverage napkins - 5 inch x 5 inch square folded
Napkins are made of soft, 3-ply paper, naturally bleached, without chlorine
The inks are all na"
74567_B07KMLPP54,74567,B07KMLPP54,novia vapes,IT'S A SKIN Decal Vinyl Wrap for Smok Novo Pod System Vape Sticker Sleeve/Anime stickerslap Sticker Bomb,IT'S A SKIN,"PRECISION CUT FIT: Precision cut for a perfect fit and comfort grip. Easy to remove so you can change style and design. Vagon wrap leaves no sticky residue when peeled off
PROTECT AND STYLIZE: Protects your Vape Mod from scratches and dents. Vibrant skin decal allows for quick charge access with LED power light seam cutout for clear visibility
THE HIGHEST QUALITY 3M: offers durability and a very c"
58015_1414387520,58015,1414387520,kids spanish bible,La Biblia de los pequeñitos / The Toddler's Bible (bilingüe / bilingual),"Tyndale House Publishers, Inc.",
52222_B01CMM8GU4,52222,B01CMM8GU4,hydraulic oil for log splitter,Buyers Products HFA12525 Filter Assembly (Filter Assy 25 Micr 25 Psi Byp),Buyers Products,"25 Micron, 25 PSI Bypass
200 PSI Working Pressure
More Than Just Parts: From snow and ice equipment to toolboxes, hydraulics, towing, truck and trailer hardware to our innovative lighting products-it's amazing what Buyers Products can do for your truck
We Do Things The Right Way: We design products like we're building them for ourselves, because we are; Our teams are staffed with engineers and exp"
89140_B01DW94RL8,89140,B01DW94RL8,runner,"nuLOOM Moroccan Blythe Runner Rug, 2 ft 8 in x 8 ft, Grey/Off-white",nuLOOM,"Made in Turkey
PREMIUM MATERIAL: Crafted of durable synthetic fibers, it has soft texture and is easy to clean
SLEEK LOOK: Doesn’t obstruct doorways and brings elegance to any space
DESIGNED TO LAST: Power-loomed rug ensures long-lasting beauty and convenient upkeep, with virtually no shedding; perfect fit for your living room, dining room or hallway
PET FRIENDLY: Designed with resiliency against "
97128_B0016AJC5W,97128,B0016AJC5W,sprinkler without hose,Flexon 50-Foot Three Tube Sprinkler Hose FS50,Flexon,"Best used for lawn and garden, sprinkling, and soaking
White stripes can be positioned up for sprinkling, down for soaking
The lawn mowing enjoyable with an advanced reel mower that’s 60 percent easier to push than other reel mowers
New reversible grass chute can be positioned to direct clippings forward, away from your feet, or backward and downward"
2979_B006LN7XAK,2979,B006LN7XAK,24 foam roller for physical therapy & exercise,"Cando - 30-2340 CanDo Full-Skin PE Foam Roller For Muscle Restoration, Massage Therapy, Sport Recovery, And Physical Therapy. White, 6"" x 36"", Half-Round",CanDo,"Country of Origin : United States
Part number:"
20352_B07RNMRRDJ,20352,B07RNMRRDJ,buffalo plaid dining chair cushions,"RSH Décor Indoor/Outdoor Wicker 2 U-Shape Chair Cushions in Buffalo Plaid Fabric, Choose Size and Choose Color (2 - (19"" x 19"") U-Shape Seat Cushions, Black Buffalo Plaid)",RSH DECOR,"Perfect for use both Indoors and Out.
Our wicker u-shape cushions are available in either tufted or foam and a variety of solids, patterns, and plaids. Swatches are available upon request.
UV resistant, fade resistant, stain resistant fabric perfect either outdoors or inside.
Includes 2 U-Shape Cushions (19"" x 19"") filled with soft 100% poly fiber fill
Search our brand on Amazon for all your outdo"
7538_B0836GDKS9,7538,B0836GDKS9,airpods 2,Airpods Case - IceModo Puppy Footprint Case for Apple Airpods Accessories Protective Hard Case Cover Portable & Shockproof Women Girls with Keychain for Airpods 2/1 Charging Case (1 Puppy Foot Print),IceModo,
88928_B07JL9ZS35,88928,B07JL9ZS35,rubber birkenstock sandals women,Birkenstock Betula Licensed Leo Soft Black Birko-Flor EU 39 (US Women's 8-8.5) Narrow,Birkenstock,<ul> <li><strong>Please be advised that the Birkenstock® Narrow width accommodates both traditional narrow and medium widths.</strong></li> <li>Add some comfort and warm-weather style to your summer ensemble wearing the Betula® Licensed by Birkenstock® Leo Soft sandal.</li> <li>Birko-Flor™ upper is made of acrylic and polyamide felt fibers with a smooth leather-like finish.</li> <li>Features three
74120_B08WPQD58D,74120,B08WPQD58D,no u card game,Poo Pocalypse Card Game - The Hilarious Family Party Game for Kids & Adults. [Perfect for Family Game Night],Poo Pocalypse,"💩 FUN FOR THE WHOLE FAMILY: This bowel-busting party game is a smash with kids, teens and adults! Ideal for immature people ages 8 to 88.
💩 SURPRISINGLY STRATEGIC: With 83 hilarious & strategic cards, you'll laugh (and cry) as you battle to become the Poo King. Be the first to build a poo pyramid to win. But beware of your ""friends"" who will sabotage you with crap attacks!
💩 SUPER POPULAR (Poop-ul"
41709_B095Z3FD9J,41709,B095Z3FD9J,foam it green,"HOFACO 3M Double Coated Urethane Foam Tape 4032, 0.5in x 11 Yards, Indoor Mounting, Bonding, and Attaching…, White",HOFACO,"3M Double Coated Urethane Foam Tape 4032 3M Double Coated Urethane Foam Tape 4032 is an off-white, 0.031 in. (0.8 mm) thick, double coated, open cell urethane foam tape that offers high shear strength. It is ideal for applications such as mounting interior signage and nameplates along with soap dispensers and air fresheners. 3M 4032 Double Coated Urethane Foam Die Cut Tape Die-cut 3M Double Coated"
41957_B07C3FKJF7,41957,B07C3FKJF7,foodgifts,Darden - Email Delivery,Darden Restaurants,"Redeemable at Olive Garden, LongHorn Steakhouse, Cheddar’s Scratch Kitchen, Yard House, Seasons 52, and Bahama Breeze among others.
Redemption: Instore
No returns and no refunds on gift cards."
35690_B01NAIX3Q7,35690,B01NAIX3Q7,dry cherry unsweetened,"Dried Cherries 4 LB (=64oz) Resealable Bag, Tart (Sour) Montmorency Variety - /sweetened",I'M A NUT,"🍒 4 Pound Bulk Bag delicious premium Dried Tart (Sour) Cherries
🍒 Great addition for baked goods, Granola, Trail mixes, Salads, Fruit cups, Yogurt, etc.
🍒 Sugar Added!
🍒100% Certified Kosher"
81100_B07RN27YRN,81100,B07RN27YRN,plastic spoons 10 pack,"300 Clear Plastic Silverware Set | Disposable Plastic Utensils | 100 Plastic Forks, 100 Plastic Spoons, 100 Plastic Knives | Plastic Cutlery Set | Heavy Duty Bulk Flatware Set",Prestee,"Clear plastic silverware set includes 100 plastic forks, 100 plastic spoons and 100 plastic knives; full-size utensils
Disposable for easy post party cleanup. Not dishwasher, microwave and oven safe
Plastic cutlery with elegant crystal clear shine to match any table decor
Ideal for weddings, dinners, holiday parties, special occasions, catered events and more
Arrange by each place setting for form"
48559_B07G399ZYW,48559,B07G399ZYW,halloween costumes for women,"Amazon Essentials Women's Ballet Flat, Nude, 9.5 B US",Amazon Essentials,"Classic and versatile ballet flat designed for daily wear
Casual silhouette with round toe shape and flattering profile
Soft, faux leather upper with gently elasticized topline
Faux suede microfiber lining"
5259_B00JJIEE4M,5259,B00JJIEE4M,8 gb usb thumb drives with physical write protect switch,Flashblu30 with Physical Write Protect Switch SuperSpeed USB3.0 Flash Drive,Kanguru Solutions,"The ideal way to storage and transfer your files, photos, pictures, music, and more
Flash Drive uses SuperSpeed USB3.0 for data transfer speeds of up to 145 MB/s and write speeds of up to 45 MB/s
Physical write protect switch lets you easily toggle back and forth from full read/write capability to ""Read-Only"" Mode, to protect against accidentally erasing your files
Cap easily snaps onto the back o"
105279_B07JKFWPX2,105279,B07JKFWPX2,trimens,"Zoot Core Mens 7-Inch Tri Shorts - Performance Triathlon Shorts with Endura Fabric and Hip Holster Pockets (Black, Medium)",Zoot,"PERFORMANCE TRIATHLON SHORTS FOR MEN: Zoot tri shorts are designed with an inside draw cord at waist, modesty liner for enhanced comfort, and UPF 50+ sun protection so you can be at your best while swimming, cycling, and running.
HIP POCKETS: Our mens triathlon shorts feature hip holster pockets provide essential storage on each side of these trishorts.
FITTING TIPS: Zoot products are designed to "
95214_B083FLGKBN,95214,B083FLGKBN,smooth flow faucet,"Bathroom Faucet Aerator Replacement Parts 8 PCS with Brass Shell, 2.2 GPM Flow Retrictor Insert Faucet Tap, 15/16-Inch or 24mm Male Threads, Awesome Nozzle, Sprays Is Very Well, Chrome",CANRAY,"●HIGH-QUALITY MATERIAL●The bathroom faucet aerator parts made of brass, ABS and 304 Stainless Steel will last for a long time and anti-corrosion. Please check your aerator size before purchase!
●APPLICABILITY● Male thread's diameter 0.94-Inch. Universal kitchen faucet aerator replacement works well with either kitchen or bathroom faucets. Please check your aerator size before purchase!
●CHROME FIN"
70422_0385372833,70422,0385372833,monkey not ready for kindergarten,Elmo Loves You (Sesame Street) (Little Golden Book),Golden Books,Golden Books
79518_B06XXB97TM,79518,B06XXB97TM,phone case samsung galaxy s8 otterbox,"ZIZO Bolt Series for Samsung Galaxy S8 Case Military Grade Drop Tested with Tempered Glass Screen Protector, Holster Gray Black",Zizo,"Versatility: With up to 10 color variations to choose from, the Zizo Bolt Cover provides the perfect platform to express your style
Endless Possibilities: Equipped with a built-in kickstand, you can now enjoy your phone hands free
Samsung Galaxy S8 Screen Protector: a Zizo [Lightning Shield] 0.33mm 9H hardness and 100% clarity Tempered Glass Screen Protector is included free with every purchase
Sa"
115196_B0773ZM6Z9,115196,B0773ZM6Z9,youth levis 502,"Levi's Big Boy's 502 Regular Taper Jeans Pants, black, 18",Levi's,"502 regular taper fit jeans featuring five-pocket styling in a classic black wash
Stretch denim
Regular through thigh with a slightly tapered leg
Zip fly with a button closure"
200_B08HQ6DLXZ,200,B08HQ6DLXZ,*i'm gaming do not disturb*shirt,"Do Not Disturb I'm Gaming Socks, Novelty Sock Funny Stocking Stuffers Gift for Teen Boy Men Dad Son Boyfriend Game Lovers",MYAXOY,"Material: 95% soft cotton material, z-knit embroidery design at the bottom of the socks, 100% not drop, elastic, breathable, durable, very comfortable to wear. Printed letters gamer socks non-slip, these mens socks womens socks will keep feet warm and dry but never make feet sweaty.
Gamer Gifts: Use the funny way to send message to who maybe will interrupt your game ""Please don't disturb me when I"
1665_B08YR59CDZ,1665,B08YR59CDZ,10” cast iron skillet without handle,"Allgetc Frying Pan Skillet, 10"" & 12"" Nonstick Omelet Pan with Granite Coating - PFOA Free Cookwear Pots and Pans Set, Kitchen Cooking Set - Suitable for Gas, Induction",Allgetc,"✅ 3-LAYER NONSTICK COATING - The PTFE/PFOA/PFOS-free 3-layer non stick pot set cooking ware features a long lasting nonstick coating for easy cooking & healthy diet. This aluminum nonstick cookware set ceramic coating can residue free cooking, does not discolor, react with food, or alter flavors. You can cook to your heart's content and enjoy healthy food!
✅ HEAT EVENLY - Allgetc Aluminum cookwear"
98497_B07FLX5Y7F,98497,B07FLX5Y7F,stray kids shirt without woojin,Stray Kids - I am WHO [I AM ver.] (2nd Mini Album) CD+Photobook+3 QR Photocards+On Pack Poster+Official Group Folded Poster+Extra Photocard,JYP Entertainment,
5265_B07ZQ2875V,5265,B07ZQ2875V,8 inch chair legs,AORYVIC Wood Furniture Legs 8 inch Sofa Legs Set of 4 Square Replacement Legs Brown for MCM Ottoman Armchair Recliner Coffee Table Dresser,AORYVIC,"❉Nicely finished → The square legs are made of high quality solid wood and stained with walnut color. They are durable and sturdy.
❉Well Functioned → The 8 inch couch legs add height of your furniture perfectly so that you can get into or out of the sofa easier, and help with your Robot being able to go under the couch for cleaning.
❉Refresh your furniture → The wood legs totally match your origin"
110719_014240120X,110719,014240120X,westing game,The Westing Game (Puffin Modern Classics),Puffin Books,Puffin
67965_B0054KHLZ8,67965,B0054KHLZ8,mens tennessee volunteer head band,"Littlearth Womens NCAA Tennessee Volunteers Ribbon Ponytail Holder, Team Color, One Size",Littlearth,"Product type :HAIR_TIE
item package dimensions : 15.24 cm x 7.62 cm x 0.635 cm
Package weight :0.949 lbs
Package quantity :1 (Nos)"
78486_B07VBMR9WT,78486,B07VBMR9WT,pebble watch,"Lintelek Smart Watch, Smartwatch Blood Pressure Monitor, Fitness Watch HR with Sleep Monitor Compatible with iPhone, Samsung and Android Phones for Men, Women and Gifts",Lintelek,"Leave Away Your Phone: You can check sleep status, heart rate data and blood pressure, the data are clearly shown on the smartwatch. Seven sports modes, stopwatch, brightness adjustment, reset settings are also available on the fitness watch.
Beyond Your Imagination: Download ""Da Fit"" to enjoy more features: Connected GPS function to show your sports route in the APP; Calls, SMS/SNS Notification t"
106764_B081THHSW4,106764,B081THHSW4,unfollow by megan phelps-roper,Megan Phelps-Roper: Audible Sessions: FREE Exclusive Interview,Audible,"<p>Joining us at Audible Studios is former member of the infamous Westboro Baptist Church Megan Phelps-Roper, who has written a book titled <i>Unfollow</i>.  </p> <p>Phelps-Roper, born in 1986 in Topeka, Kansas, was raised within in the Westboro Baptist Church. Her grandfather was the church's founder, Fred Phelps. Phelps-Roper left the church, along with her sister Grace, in November 2012. Leavin"
12343_B00A2KVMX2,12343,B00A2KVMX2,bach stradivarius trumpet,"Yamaha Trumpet Bb YTR 2330S Standard SILVER With ""Semi-Hard case""",Yamaha,"Tone: B ♭
Case may vary. Either a semi-hard case or hard case included.
Accessory: Case: TRC-203, mouthpiece TR-11B4
Bell: 123 mm
Bore size: ML Shape / Other Bell: YL-ll Bell"
40445_B07T5RK766,40445,B07T5RK766,fire extinguisher for polaris ranger,"(1-Year Warranty) Universal Adjustable Roll Bar Fire Extinguisher Mount Holder Compatible with for Jeep Wrangler Gladiator UTV Polaris RZR Can Am and Large Motorcycle,Aluminum",AUFER,"1.【Release】Quick. One hand pull the Red knob out horizontally, the other hand pull the fire extinguisher vertically. It's easy and quick to release fire extinguisher. You can check all the pictures to know more about it ^_^
2.【Installation】Easy. Attach the fire extinguisher bracket to the roll rack by adjustable rings,no drilling.The fire extinguisher bracket has four protruding iron beads to prev"
107733_B07MQ1BV89,107733,B07MQ1BV89,valentines clothes for women,"Toddler Long Sleeve Shirt Baby Boy Girl Plaid Top for Toddler Spring Winter Coat for Kid (Red Plaid, 6-7 T)",MERSARIPHY,"COZY & SOFT - 100% Brand New, our girls tops is made of cotton blend. The toddler coat is very soft, lightweight, skin-friendly and breathable to wear, wrinkle-free.
MORE ATTRACTIVE - The boy shirts is great for layered or worn alone; You can roll up long sleeves or tuck it into pants.
PLEASE SIZE UP - Please take a look at the size for more details, if your kids prefer loose fit, please buy the t"
106439_B00QSOS130,106439,B00QSOS130,ultimate direction water soft flask,Collapsible Reusable Foldable Eco-Friendly 8 Oz Water Bottle – BPA Free - (3 pack),Cruise Flask,"Cruise Flask brand Officially sold by A2 Trading Corp, SAY NO TO IMITATIONS
Kit includes: three (3) 8 oz collapsible bottles + 1 funnel for easy filling.
High quality food grade plastic, freezable, floatable, odor proof, leak proof, and puncture resistant.
Bottles stand up straight when filled, and are flat and can be rolled and packed easily when empty.
Bring your beverages with you to: camping, "
101609_B07T4B4D7S,101609,B07T4B4D7S,teryx 4,RMSTATOR Replacement for Stator Kawasaki Teryx 4 KRT 750 2012 2013 KRT750 | OEM Repl.# 21003-0108/21003-0167,RMSTATOR,"SUBZERO TECHNOLOGY: RMSTATOR exclusive stator core architecture & aeronautic-grade components maximize electromagnetic flow which reduce significantly the heat generated by the stator. Our stator run cooler than OEM equivalent for increase longevity.
PRO-FIT SYSTEM: Includes everything required to perform a RMSTATOR-style professional installation: Exact OEM fit, rubber grommet, pickup pulser coil"
98139_B06XQHMCNN,98139,B06XQHMCNN,stickman costume for adults,"Morphsuits The Rake Urban Legends Kids Morphsuit Costume - size Large 4'-4'6 (120cm-137cm) Costume, Black",Morphsuits,"OFFICIAL MORPHSUIT COSTUME: The Rake Urban Legends Morphsuit, the latest from the Creepy Pasta urban legends
SIZES THAT FIT: This Morphsuit comes in size Large 4’-4’6” (120cm - 137cm). Fits ages 10 - 12 years.
GREAT FOR SCARING YOUR FRIENDS: Urban Legends costumes are perfect for Halloween parties and trick-or-treating, even though they are awake, your friends can now meet the Rake
HIGH QUALITY CR"
1669_B009AO0D9K,1669,B009AO0D9K,10” glass japanese floating glass without netting balls,"WGV Cylinder Vase, Open Width 10"", Height 4"", Clear Flat Pan Style Container, Planter Terrarium, Floral Centerpiece for Wedding Party Event, Home Office Decor, 1 Piece",WGVI,"Include: 1 piece clear flat pan glass vase carefully packaged, vase filler not included
Size: Diameter 9.84"" (250 mm), height 4"" (100 mm), glass thickness 0.2"", varies slightly due to handmade process
Feature: durable glass pieces that may contain air bubbles as well as exhibit slight variations and imperfections due to the handcrafting process
Use: filled with planters (flowers), candles and deco"
66893_B00XR42U6I,66893,B00XR42U6I,medium coat for dogs shoes,"WINSOON Dog Australia Boots Pet Antiskid Shoes Winter Warm Skidproof Sneakers Paw Protectors 4-pcs Set (Size 5, Pink)",WINSOON,"[ DOG BOOTS INSOLE DIMENSION ] – Size 1: 1”(L) x 3/4”(W) for 1-3lbs, Size 2: 1-3/16”(L) x 1”(W)for 2-4lbs, Size 3: 1-3/8”(L) x 1-3/16”(W) for 3-6lbs, Size 4 : 1-9/16”(L) x 1-3/8”(W) for 5-7lbs, Size 5 : 1-3/4”(L) x 1-1/2”(W) for 6-11lbs, Size 6 : 2”(L) x 1-5/8”(W) 10-17lbs, Size 7 : 2-3/16”(L) x 1-7/8”(W) for 15-25lbs, Size 8 : 2-1/2”(L) x 2”(W) for 25-35lbs. Please follow size chart to choose cor"
60058_B08FD5L26V,60058,B08FD5L26V,large floor plant,"SIGNWIN Areca Palm Tree with White Granite & Gray Marble Swirl Effect Vase Abstract Rocky Minimalism Zen Relax/Calm Multicolor Cool for Living Room, Bedroom, Office - X-Large 5 Feet (60"")",SIGNWIN,"[High Quality Materials] - Our realistic X-Large Areca Palm Tree is created with sophisticated botanical imitation technology using silk and polyester.
[Gorgeous Vase] - Plant comes with durable and stylish plastic vase crafted by skilled designers.
[Easy Assembly] - Vase, faux moss and plant are individual items that can be assembled with ease!
[Indoor Only] - Perfect for home and office, not wat"
52886_B000LQDB4A,52886,B000LQDB4A,impact to socket 1/2 inch drive,"Sunex 2302, 1/2 Inch Drive, 1/2"" Female x 3/4"" Male Impact Adapter, Cr-Mo Steel, Ball Detent, Tapered Square End, Meets ANSI Standards",Sunex Tools,"TAPERED SQUARE END: Quickly aligns socket to fastener.
CR-MO STEEL: Provides the strength and flexibility to handle high torque impact tools.
BALL DETENT: Holds socket in place.
MEETS ANSI STANDARDS: All extensions are rigorously tested, ensuring peak performance and durability."
110878_B07DPC38KQ,110878,B07DPC38KQ,whipped cream cake,"Whipped Cream Dispenser, ORANGEHOME Aluminum Large 500ml/1 Pint Capacity Cream Canister with 3 Various Nozzles, 1 Cleaning Brush,Professional Homemade Cream Whipper Maker for Desserts, Coffee",ORANGEHOME,"🍨𝟕-𝐏𝐚𝐜𝐤 𝐂𝐫𝐞𝐚𝐦 𝐖𝐡𝐢𝐩𝐩𝐞𝐫 𝐒𝐞𝐭 : The whipping cream dispenser set comes with 1 aluminum charger holder, 3 cooking decorative nozzles, 1 cleaning brush and 1 charge lid. This whipped cream dispenser does all the work for you, no more make hand cramps happend, — just put a nitrous oxide cartridge (sold separately) into the dispenser, fill with heavy whipping cream, screw the top and you are in business, "
100149_B07MKDQML9,100149,B07MKDQML9,table clothes pink and gold,"StarMar Rose Gold Plastic Party Tablecloth - Use as Birthday Table Cloth, Banners, & Backdrops, Waterproof White Color Tablecloth with Rose Rold Confetti Dots, 4-Pack Premium Disposable Tablecloths",StarMar,"Heavy Duty, Waterproof tablecloth, for every party or event,
GREAT FOR: Thanksgiving Christmas Wedding Anniversary babe Shower Birthday party
MULTIPLE USES: Hang them up on doors or walls for use as decorative backdrops or put them across the room as banners for an even better themed party! Feel free to pair with other themed tablecloths for a mix and match party!
Dimensions: 54 x 108 -covers any "
21506_B07SB1ZZTK,21506,B07SB1ZZTK,calculator with square root,"Handheld Calculator - Portable, Educational Calculator - Compact Built-in Cover - Catiga - DK-063D - for On-The-Move Use or Learning Purpose (Red)",CATIGA,"Built-in Cover - A robust built-in cover protects the calculator from damages.
Colorful design- The robust plastic body and applied buttons are made to look fashionable and last after constant use. It comes in six colors: Green, Pink, Yellow, Red, Black.
Large LCD-Display - Although handheld, the bright display will be legible and accessible with any use.
Standard Functions - With 6 functions incl"
26787_B073R62C3Q,26787,B073R62C3Q,clearance bed in a bag,"Sweet Home Collection 7 Piece Bed-in-A-Bag Solid Color Comforter & Sheet Set, Full, Navy",Sweet Home Collection,"Luxury Goose down-alternative comforter for year round with advanced box stitching design
Premium Quality comforter that is lightweight while providing balanced warmth
Sheet sets have Deep pockets designed to fit mattresses up to 16deep
Full Size: comforter: 78x 88, fitted sheet: 54x 75, flat sheet: 81x 96, 4 pillowcases: 20x 30Each
Care instructions: machine wash gentle cycle with cold water, sun"
7538_B07H461TBQ,7538,B07H461TBQ,airpods 2,Apple MMEF2AM/A AirPods Wireless Bluetooth Headset for iPhones with iOS 10 or Later White - (Renewed),Apple,"Double-tap either AirPods to activate Siri, without taking your iPhone out of your pocket
Need a quick charge? Just 15 minutes in the case gives you 3 hours of listening time
Air Pods provide rich, high-quality AAC Audio. And when you want to be heard, dual beamforming microphones filter out background noise when you make calls or Talk to Siri
Just take them out and they're ready to use with all y"
52479_B07V4FXG1Z,52479,B07V4FXG1Z,i want a warm jacket with a hood and that is waterproof and black or dark coloured like navy,Technically The Glass is Completely Full Funny Tshirt T-Shirt,Unknown,"Are you always looking at the positive side no matter the situation, Be sure to make your friends laugh in this technically the glass is completely full shirt.
Wear this cool and trendy technically the glass is completely full funny sarcastic tshirt out on the town or in the comfort of your own home. Makes the perfect gift for graduation, birthdays, Christmas and gift giving occasions.
Lightweight"
95744_B082M3L342,95744,B082M3L342,soft hands treatment,"(2 Pairs) Moisturizing Glovers,Soft Moisturizing Gel Glovers, Gel Spa Glovers For Repairing and Softening Dry Cracked Hand Skins, Gel Lining Infused with Essential Oils and Vitamins (Blue & Pink)",fumarst,"THE BEST Moisturizing Glovers - Made of Super Soft Cotton and Spandex, Durable, High Quality Grade A Gel. Gel is Enriched with Vitamin E and Essential Oils to Soothe and Moisturize Skin.
PROVIDES INSTANT RELIEF and PROTECT- Comfortably give the whole of your hand the moisturizing they deserve, your top quality Spa glovers are designed to Moisturizing Hydrates and Softens Hard, Dry, Rough hand, Cal"
49829_B01MU72B43,49829,B01MU72B43,heart boxers for men cotton,"NAUTICA Men's Classic Cotton Loose Knit Boxer,Nautica Red,Large",Nautica,"Covered elastic waistband
Functional button fly
Logo tag at center front"
62517_B07C7266YK,62517,B07C7266YK,lil tykes toy box,"Step2 2-in-1 Toy Box & Art Lid | Plastic Toy & Art Storage Container, Grey",Step2,"Make clean-up fun with your toddler! This toy box is a perfect and colorful addition to any little one's play space or bedroom.
Toy box organizer features a clip and art board lid to display masterpieces, or to hold paper as your little one draws!
This kids’ toy box is a great way to encourage toddlers and preschoolers to take responsibility for their space and belongings, and teaches organization"
4903_B08YJC2JN8,4903,B08YJC2JN8,6 sided dice black,AUSTOR 35 Pieces Dices 6 Sided Polyhedral Dice Set Mixed Color 6 Sides Dice Assortment with a Black Velvet Storage Bag for DND RPG MTG Table Games,AUSTOR,"Package include - You will get 35 pieces 6 sided dice, colors is random, including solid colors, transparent colors, pearl patterns and glitter patterns, no repeated colors; comes with a black velvet pouch for you to store the dices, keep all the 6 sided dices clean and neat
Easy to read - All the numbers are engraved clearly on the dice and painted, which with great color fastness, the numbers ar"
7839_B08GYGKFWC,7839,B08GYGKFWC,alesis forge drum kit,"Alesis Turbo Cymbal Expansion Set: 10 Inch Cymbal, Cymbal Arm, Rack Clamp and 10ft TRS Cable (19 inch Cymbal Arm)",Alesis,"Includes: 10 Inch Alesis Cymbal, 19 Inch Cymbal Arm, 1 1/2"" Rack Clamp, Felt Wingnut, 10ft TRS Cable. Everything you need comes in the box.
Compatible with: Surge Mesh Kit, Command Mesh Kit, Forge Kit, Strike Kit(s), Crimson Kit(s), Turbo Kit and most others
Compatible with Roland/Yamaha/Simmons/Ion racks that have 1 1/2 inch tubes
*Not compatible with Alesis Nitro Kit (Nitro Kit uses unusual rack"
21887_B00YBNSMKC,21887,B00YBNSMKC,camera film,"Fujifilm Instax Mini 100 Film for Fuji 7S 8 25 50S 90 300 Instant Camera, Share SP-1 White, Pack of 5",Fujifilm,"Brand: Fujifilm
Film size: 86 x 54 mm
Picture size: 62 x 46 mm
Film speed: is 800
Country of origin: Japan"
12260_B07L5R293H,12260,B07L5R293H,baby underarmour girl,"Under Armour Girls Most Valuable Player Tee Set, Pinkadelic F19, 0/3M",Under Armour,"Generous, more relaxed fit. Fabric is quick-drying, ultra-soft & has a more natural feel. Moisture Transport System wicks sweat & dries fast
Generous, more relaxed fit
Fabric is quick-drying, ultra-soft & has a more natural feel
Moisture Transport System wicks sweat & dries fast"
52588_B07VF49KMP,52588,B07VF49KMP,ice cream 4t shirt,"Crayola Children's Apparel Girls' Toddler Short Sleeve Graphic Crewneck T-Shirt Tee, White/Ice Cream, 4T",Crayola Children's Apparel,"Short sleeve t-shirt in signature crayola colors
Cotton jersey fabric is soft and breathable
Extended high-low hem for added coverage
Ice cream cone design at front Features secured sequins
Ribbed crew neck adds durability"
91447_B01J2PTI7Y,91447,B01J2PTI7Y,secret alcohol container,"Cruise Flask Hidden Flask - Sunscreen and Tanning Lotion Set - Includes 2 8oz Tubes, Funnel, 10 Seals, and 1 Free 32oz (Sunscreen and Tanning Lotion Set)",Cruise Flask,"Made with NON-METALLIC Materials, Undetectable by X-Ray Scanners, and Other Detectors
Kit includes Two (02) 8 oz Flasks disguised as a Sunscreen and Tanning Lotion tube with leak-proof flip top caps, and one Funnel for easy filling, plus a FREE 32 oz Genuine CruiseFlask, and 10 adhesive press seals for extra protection.
BPA FREE - High Quality Food Grade Plastic, Odor Proof, and Leak Proof
SAVE MO"
23970_B00GTK94LQ,23970,B00GTK94LQ,cateye strada cadence mount,CATEYE - ISC-12 Bluetooth Speed and Cadence Sensor,CAT EYE,"Train smarter: Track your speed and cadence to push yourself further and achieve your fitness goals. Get ready to train harder and smarter.
Pro-level accuracy: The Bluetooth Speed and Cadence Sensor provides the highest level of speed accuracy.
Compatible: This sensor is compatible with all Bluetooth Smart cycle computers and devices.
Set up and go: The Bluetooth sensor comes with all required mou"
48591_B07X3L6QRC,48591,B07X3L6QRC,halloween front door sign,"Bigtime Signs Welcome to Our Home - Black Wood Grain Print Door & Wall Decor 8 Interchangeable Holiday Magnets Halloween, Easter, Fall, Christmas, Valentines - Porch Hanging Plaque Decoration",Bigtime Signs,"✨ While Other Home Signs Are Weak and Stagnant our new, updated, non-warping MDF material ""Welcome to Our Home"" sign is around for the long haul. Which means you can tell your guests they’re always welcome, season after season. No matter the time of year, this front door decor is a beautiful sentiment that creates an inviting atmosphere.
✨ Matches Your Decor - Our wood grain design door decor is m"
31549_B09B6QGJPM,31549,B09B6QGJPM,dark blue fitted sheet queen,"YIYEA Hotel Luxury Queen Fitted Sheet-1800 Thread Count Extra Soft Microfiber-Eco Friendly 16"" Premium Queen Bed Sheet Breathable Softness-Denim Blue",YIYEA,"Fitted Sheet-1fitted sheets, deep pockets can hold up to 16"" deep elastic mattress. The mattress sheet has all-round elasticity and long-lasting elasticity, designed to maintain comfort and fit your mattress perfectly.
Hotel bedding experience-sliding to luxury. The bed sheet fabric is made of super soft, super durable microfiber, woven with the most exquisite craftsmanship, which can help you fal"
54641_B07GZ2JXDH,54641,B07GZ2JXDH,iphone xs max,Shamo's Case for iPhone Xs MAX Clear Transparent Cover TPU Shock Absorption Rubber Gel Soft,Shamo's,"iPhone XS Max Case: Designed for Apple iPhone XS Max (2018 model) (6.5 inch screen)
iPhone XS Max slim Case: This TPU Case comes with Smudge-Free Technology. The micro-dot pattern avoids smudge look in the back of the phone for a cleaner more beautiful look. Made from high quality TPU rubber gel material.
Case for iPhone XS Max: Soft rubber material to protect your iPhone from scratches, dirt and "
34036_B07567P7Q8,34036,B07567P7Q8,dji air 2,"DJI Mavic Pro Platinum, Fly More Combo",DJI,"What's in this combo:MAVIC PRO Platinum Original Package+2 Extra batteries+2 Extra propellers+2 charging hub+1 car charger+1 battery to power bank adaptor+1 shoulder bag
The DJI Mavic Pro folds down as small as a bottle of water, making it small enough to bring with you everywhere.New OcuSync transmission system offers up to 4.3 miles (7km) of transmission range.
Fly at up to 40mph (64kmh) or for "
99284_B07D17VXFJ,99284,B07D17VXFJ,suntuf polycarbonate roof panels,Suntuf 26 in. x 6 ft Solar Control Silver Polycarbonate Roof Panel,Suntuf,"Polycarbonate construction is up to 20 times stronger than traditional fiberglass
Corrugated for strength
Resists moisture and rot
Smooth texture"
98273_B07F28KNG1,98273,B07F28KNG1,stoner living room decor,"BAYKA Bedroom Decor, Living Kitchen Storage Wall Mounted Rustic Wood Floating Shelves for Kids Books, Small Shelf for Bathroom, Office, Laundry Room, 3 Count",BAYKA,"【Attractive Storage Shelves】: Reorganize your home and free countertops from clutter with these cute floating shelves. Our functional wall shelves add a decorative touch to your wall while also creating versatile storage space to store small items.
【Suitable for Any Contemporary Space】: Designed with torched finish wood and industrial metal brackets, the floating shelves not only enhance the aesth"
50919_B07PMDTHL4,50919,B07PMDTHL4,holographic hoodie,Seevy Hologram Iridescent Transparent Mesh Sun Protection Jacket Purple,Seevy,"Material: CVC cotton, strong permeability, strong absorption of sweat, Sun uv
Super quick-drying, breathable cycling. Health sunscreen, resist ultraviolet radiation
Hologram transparent women girl coat jacket， so cool to wear and light soft
Good ideal for outdoor sport wearing . Such as riding ,travel . Also can used as indoor Air conditioning shirt
Please refer to the Size Chart in Description be"
101108_B0787DZDHT,101108,B0787DZDHT,teardrop trailer door,RV Travel Trailer Entry Door Lock Polar Black Paddle Deadbolt,Leisure Locks,"Replaces most popular locks by Fastec, Global as well as other brands
These RV door locks have a built in deadbolt. This provides that extra sense of security. RV door locks for travel trailers come in Black. This model is designed for travel trailers, yet works well with cargo haulers, horse trailers or custom utility trailers
Fits Hole cutouts from 2 1/2"" x 3 1/2"" to 3"" x 4"" and door thicknesses"
51025_B0861BY9PJ,51025,B0861BY9PJ,home sewing and embroidery,Set of 4 Embroidery Thread Light Cyan Turquoise Teal Polyester Huge Spool 3608 Yards (3300M) Each for Home Embroidery and Sewing Machines – ACRAFT,ACRAFT,"● COMBINATIONS OF 4 COLORS - Set of 4 cones includes light cyan, aqua lit, turquoise, deep teal, makes you feel the actual nature’s color and glow your vigor again in your sewing and embroidery project.
● GREAT FOR CRAFTING - Great for all levels of quilting and sewing projects from beginner to professional: learn sewing, hand knitting, DIY handicrafts, hand sewing, home or commercial embroidery.
"
109347_B0002SJ1K0,109347,B0002SJ1K0,wahl sterling 4,"Wahl Professional 3 Hole Adjusto-Lock (1mm - 3mm) Clipper Blade for the Designers, Cordless Designer, Senior, Vacuum, Pilot, some Sterling clippers for Professional Barbers and Stylists - Model 1005",Wahl Professional,"PROFESSIONAL PRECISION: From Wahl Professional's commercial grade line of products, the 3 Hole Adjusto-Lock (1mm - 3mm) Clipper Blade delivers the sharp performance that experts demand; designed for standard off-scalp clipper cutting and blending
FITS YOUR FAVORITES: Professional Senior (8500), Cordless Designer 8591, Designer 8355-400, Limited or Promo Designers, Vacuum 8566, and Pilot 8483 Clipp"
75925_B07PLXKSSW,75925,B07PLXKSSW,orange and white polka dot fabric,"David accessories PU Lychee Faux Leather Sheets Gold Dot Printed Synthetic Leather Fabric 7Pcs 7.7"" x 12.9"" (20cm x 33 cm) for DIY Earrings Making Craft Projects (Gold Dot Printed Leather)",David accessories,"Great Materials:solid color gold dot printed pattern pu fabric,each sheets size approx:7.7x12.9"" (20x33cm),thickness approx:1mm.
Vibrant Colors:package comes in 7different gold dot printed grain textured pattern leather with different colors as pictured to satisfy your different requests,8pcs/set,color of the leather back is random.
Leather sheets is soft for making any hair bows,hair accessories,"
3371_B00009W5KJ,3371,B00009W5KJ,3 inch tweeters for car stereo,Power Acoustik NB-1 200-Watt 2-Way Mount Tweeters,Power Acoustik,"200W
mictro thin
tweeter
Niobium Rare Earth Ferroelectric Transducer Magnet
Polypropylene Diaphragm"
99087_B01FKWDTK0,99087,B01FKWDTK0,summer edith wharton,The Custom of the Country (Everyman's Library Classics & Contemporary Classics) by Edith Wharton (1994-10-04),,
24803_B08CZ67W4K,24803,B08CZ67W4K,chanel jibbitz for crocs women,"MANLOUFUSHI 13pcs Mixed Women Lipstick, Perfume Makeup Charms for Women Girl Hot Fashion Charm Pendants for Jewelry Making",MANLOUFUSHI,"Material：alloy(Environmental protection material)
Quantity:13PCS (same as picture) Size: 13mm-25mm （1mm = 0.0393 inch)
Different type different size.
Suitable for DIY craft, eg; your Ear hook Earrings bracelet, necklace, anklets, earring. A good choice for your diy gift making"
73183_B07M6SR7PX,73183,B07M6SR7PX,new years eve movie,A Royal Christmas Ball,,
62194_B00114LGSE,62194,B00114LGSE,lifetime table and chairs,"Lifetime 42901 Folding Utility Table, 6 Feet, White, Pack of 4",Lifetime,"The 72""x30"" table is constructed of High Density Polyethylene with impact resistant corners for superior strength and durability
All-weather High Strength Low Alloy steel frame; designed for indoor and outdoor use
UV protected top is stain resistant and easy to clean
Lightweight design easily folds for storage and transportation; folded dimensions-72""Lx30""Wx2.1""H
Commercial grade; backed by a 10-y"
17361_B071XH34JV,17361,B071XH34JV,blue curtains 84 inch length,"Sun Zero Reardon Distressed Global Tile Print Grommet Curtain Panel, 54"" x 84"", Navy Blue",Sun Zero,"Distressed medallion print adds global intrigue
Room Darkening technology blocks out some unwanted light while enhancing privacy
Energy efficient design reduces energy lost through your windows by up to 25%
Thermal properties help keep summer heat and winter chill out of your home
Noise reduction up to 25% helps you get a sounder, more uninterrupted sleep"
51699_B07PBWFCDV,51699,B07PBWFCDV,hp envy shell,"HP Envy Urban, Grey, 15.6""",HP,
96996_B07Q2SX3MR,96996,B07Q2SX3MR,sport king seat covers for trucks,Dreamer Car Seat Cushion for Car Seat Driver to Improve Driving View - Memory Foam Wedge Shape Car Pillow for Driving Seat to Promote Healthy Driving Posture (Black),Dreamer Car,"Car Seat Cushions for Driving to Improve Driving View:With about 3"" thickness at the rear,our car cushions for driving act as a seat riser, adding several inches of lift to improve driving view,which designs for short people, but almost keep the original height of your car seat at the front,so you can easily reach the brake pedal as usual.
Driver Seat Cushion to Promote Healthy Driving Posture: Ha"
111286_B08NX4T94B,111286,B08NX4T94B,white shades glasses for women,Rectangle Sunglasses for Men/Women Small Rimless Square Shade Eyewear (Black),Hycredi,"[UNIQUE DESIGN] -- The rimless frame and delicate metal temples makes these sunglasses look of very chic. The simple and compact design makes our glasses look very stylish and exquisite
[HIGH QUALITY] -- The Rectangle Sunglasses made of high quality metal material that is durable enough for a long time
[OCCASION] -- It is the perfect choice for outdoor activities such as hiking, driving, shopping,"
62495_B08LQTGGQN,62495,B08LQTGGQN,liilispoetic home,"Vintage Goth Home Decor - Nude Naked Witch on Broomstick Wall Art - Creepy Spooky Halloween Gift for Witchcraft, Wicca, Wiccan, Occult Fan - 8x10 Retro Poster Picture Print",Yellowbird Art & Design,"UNFRAMED PICTURE - NOT Canvas or Tin Sign
UNIQUE WALL ART DECOR - Cool original home decorations for office, living room, bedroom, bathroom, family room, man cave, dorm, dining room, kitchen, classroom, apartment, bar, baby nursery
PERFECT PRESENT FOR EVERY OCCASION - Cute gift ideas for women, wife, girlfriend, her, girls, daughter, men, guys, boys, son, husband, boyfriend, him, kids, teens, best"
67570_B076PNZTHC,67570,B076PNZTHC,mens dragon alliance nfx2,Dragon NFX Snow Goggle Replacement Lens (NFX/Amber Luma 35% VLT),Dragon Alliance,Dragon NFX Snow Goggle Replacement Lens
51686_B074KTXNZF,51686,B074KTXNZF,hp color jet mfp m281cdw,"HP 202A | CF501A | Toner-Cartridge | Cyan | Works with HP LaserJet Pro M254, M281cdw, M281dw, M281fdw",HP,"Make sure this fits by entering your model number.
HP 202A (CF501A) toner cartridges work with: HP LaserJet Pro M254, M281cdw, M281dw, M281fdw.
Original HP toner cartridges produce an average of 71% more usable pages than non-HP cartridges.
HP 202A toner cartridge yield (approx): 1,300 Pages
202A toner is designed to work with your HP printer for high quality, reliable results every print."
75849_B085N8K9MS,75849,B085N8K9MS,oppo mobail,"Original Oppo Find X2 Pro 12G+256GB 5G Mobile Phone Snapdragon 865 Android 10 6.7"" OLED 120HZ 48.0MP 65W Charger Global Warranty Cellphone by-（Real Star Technology） (Orange (Vegan Leather) 12+256gb)",OPPO Dealer,"120Hz QHD+ Ultra Vision Screen | IP68 waterproof and dustproof | True Billion Colour Display | O1 Ultra Vision Engine | Ultra Vision Camera System | 65W SuperVOOC 2.0 Flash Charge | Snapdragon 865+Dual-mode 5G
Product is pre-installed Google Playstore, Multi Languages,support Hidden Fingerprint,OTG
Find X2 PRO×1 Earphones ×1 Type-C Cable ×1 Adapter ×1 SIM Eject Tool ×1 screen protector × 1 (factor"
18485_B0871MDP5R,18485,B0871MDP5R,boosted board,IWONDER Original Boosted Board V3 Motor Brushless Belt Electric Skateboard Motor for Boosted Board Aftersale Motor,IWONDER,"Rated voltage:DC40V±4V ; No-load speed:8400rpm±5%
No-load current:≤1.2A
Rated load:0.55N.m; Output power: 600-800w
Rated speed :7600rpm±5%; Rated current:≤14A
IWonder Original Boosted V3 Motor was mounted to all the boosted boards sold on the present boosted website."
66396_B00A01BBCA,66396,B00A01BBCA,matrix black and decker,BLACK+DECKER Matrix Jig Saw Attachment For Cordless Drill (BDCMTJS),BLACK+DECKER,"Jigsaw tool features tool-free blade change for fast and easy change of blades
Compact design of the jig saw maximizes user control for access in tight spaces
Variable speed allows for precision performance that's right for each job
Accepts both U and T shank blades
SPM (12v Max = 0-2100, 20v Max = 0-2800 and AC 4A = 0-2300)"
60478_B00E97HEW2,60478,B00E97HEW2,lawn chair without arms,Flash Furniture Mid-Back Black Quilted Vinyl Swivel Task Office Chair,Flash Furniture,"If you're looking to update your office chair or need a desk chair for your dorm room, this computer chair offers all the style you need. The quilted design lends sophistication to your space while the adjustable height seat provides the comfort you need
[_Our chair conforms to ANSI/BIFMA standard X5.1-17_] Waterfall front seat edge removes pressure from the lower legs and improves circulation
360"
7522_B07ZZG8DH7,7522,B07ZZG8DH7,airpod pro without charging case,"BRG Compatible with Airpods Pro Case,Soft Silicone Skin Case Cover Shock-Absorbing Protective Case with Keychain [Front LED Visible] (Black)",BRG,"【Ultra Protection】For newest AirPods Pro Case, made of premium soft silicone, protects your AirPods against bumps, drops and scratches. And the bottom dust plug design, keeps the charging port clean and sealed when not in use.
【Unobstructed charging】This cover for Airpods Pro Charging Case (2019 Released) fits perfectly, won't affect wireless charging and convenience for charging the airpods from "
105701_B00FSDBFD0,105701,B00FSDBFD0,tundra black out emblems,TOYOTA Genuine 75311-0C030 Emblem,TOYOTA,"Fitment:Toyota Sequoia 2008-2016 Limited, Platinum, SR5 8 Cyl 4.6L, 8 Cyl 4.7L, 8 Cyl 5.7L 1URFE, 2UZFE, 3URFBE, 3URFE; UCK60, UCK65,
Fitment:Toyota Tacoma 2015-2016 Base, Limited, SR5 4 Cyl 2.7L, 6 Cyl 3.5L 2GRFKS, 2TRFE; GRN305, GRN310, GRN325, GRN330, TRN245
Fitment:Toyota Tundra 2007-2016 Limited, Platinum, SR5 6 Cyl 4.0L, 8 Cyl 4.6L, 8 Cyl 4.7L, 8 Cyl 5.7L 1GRFE, 1URFE, 2UZFE, 3URFBE, 3URFE; "
102547_B07FQW9K4R,102547,B07FQW9K4R,theottle cable,Venhill U01-4-101-BK Universal Motorcycle Throttle Cable Kit - 5mm OD,Venhill,"High-quality, ""build-your-own"" cable kit suitable for general motorcycle throttle application
This is a practical, durable kit for building your own throttle cables for a custom chopper, a unique classic, a show project, or a vintage race bike.
The conduit is spiral wound steel covered with tough black PVC.
The inner liner is Teflon for smooth action and zero maintenance.
The wire is galvanized st"
99601_B07X8HYQR4,99601,B07X8HYQR4,sversa 2,"Coperr 4 Packs Bands Compatible with Fitbit Versa/Fitbit Versa 2/Fitbit Versa Lite for Women Men, Narrow Slim Soft Silicone Replacement Wristband for Fitbit Versa Smart Watch with Buckle Design",Coperr,"【Slim Narrow Replacement Band for Fitbit Versa 2/ Versa/Versa Lite】Coperr Slim Thin & Narrow replacement for fitbit versa, is made of skin friendly silicone, no problems with a rash or other skin irritation. Very soft flexible, more lightweight.
【Stylish Slim Streamline Design】We design these Fitbit versa bands with a streamline narrow body, not only thin, but also a chic look. Unique narrow slim "
5689_B01HFFXLNA,5689,B01HFFXLNA,"I would buy a vintage jean jacket, with a shearling lined interior. ",Currently Unsupervised Novelty Graphic Sarcastic Funny T Shirt XL Black,Feelin Good Tees,"AWESOME FIT: Fits True to size, great fit and feel - Wash with cold water, inside out. Want to make dad look like a super star? This shirt has a great look and cool fit. This men's funny t shirt fits great and is great for men, teenagers and kids. Nothing beats a t shirts for a gift. Currently Unsupervised. Makes A Great present for someone special.
TOP QUALITY: Our Graphic Tees Professionally scr"
71400_B07MK2284T,71400,B07MK2284T,mud pie sponge holder,"Mud Pie Give Me A Squeeze Sponge Caddy, 3"" x 3"", White",Mud Pie,"Ceramic sponge holder features debossed sentiment exterior with ribbed texture detail.
Size: 3"" x 3""
Material: Dolomite
Care Instructions: Hand washing is recommended"
46616_B06XGFN6J6,46616,B06XGFN6J6,golf travel bag stopper pole,Bag Boy T-750 Wheeled Travel Cover Black/Charcoal,Bag Boy,"Extra thick 4-sided padded top with high Density foam and impact resistant PVC for maximum club protection
Deluxe in-line skate wheels provide smooth rolling action
Reinforced corners for extra protection
Ergonomic neoprene handle for easy maneuvering
Fits up to a 48-inch driver and most stand and cart bags"
74705_B00MFAOWJ8,74705,B00MFAOWJ8,numi white rose tea,"Numi Organic Tea Three Roots, 12 Count Box of Tea Bags Turmeric Tea, Pack of 3",Numi,"TURMERIC MEETS GINGER & LICORICE: Blending three organic roots Three Roots Turmeric Tea is energizing and grounding. As the complexity of the roots & the flavors of organic rose unfold it brings mental clarity. Enjoy unadulterated or with honey and milk.
MORNING AFTERNOON OR EVENING: It's always a perfect time to savor a cup of this richly flavored aromatic health-enhancing turmeric tea. Known for"
50268_B01LZWO8T2,50268,B01LZWO8T2,hercules hooks for hanging,"24pc Set ALAZCO Super Hooks - Hang Pictures Mirrors Clocks Wall Art Without Any Tool, Hammer, Nails or Drilling! Excellent Quality!",ALAZCO,"Pack of 24pc Picture Hanging Hooks: The easiest way to securely hang pictures, mirrors, frames, plaques & small shelves
Unique-design hanger inserts in wall - NO hammer or drilling needed
Pick a spot, push super hook through drywall and twist - locks in place & safely supports load up to 35lbs
Removes just as easily with twist and leaves only small hole
Reduce wall damage from nails, toggle bolts "
34582_B0002PXXFM,34582,B0002PXXFM,dog toy pig head,Charming Pet Cuddle Tugs Dog Toys,Charming Pet,"GREAT FOR INTERACTIVE PLAY & CUDDLE TIME: As well as being a perfect fetch toy, Cuddle Tugs plush dog toys open out and extend to 26 inches long, making them a perfect tug of war toy that your pup can snuggle up with after a long day of play.
K9 TUFF GUARD TECHNOLOGY: While soft and cuddly on the outside, these adorable Cuddle Tugs dog toys are made with K9 Tuff Guard Technology that features rein"
107496_B01LPNKGGI,107496,B01LPNKGGI,used xboxes,"Microsoft 4N6-00001 Xbox Controller + Cable for Windows, Black",Microsoft,"Compatible with Windows 10, Windows 8.1 and Windows 7, Xbox one, Xbox one play and charge kit, Xbox one chat headset, and Xbox one stereo headset
Experience the enhanced comfort and feel of the new Xbox wireless controller. Enjoy a powered and reliable connection with a wired controller. No need to change batteries
Get upto twice the wireless range compared to previous Xbox one controllers (tested"
72811_B07MDCSV7D,72811,B07MDCSV7D,neon pink top plus size,"Gildan Men's Ultra Cotton T-Shirt, Style G2000, 2-Pack, Safety Pink, 3X-Large",Gildan,"Longer dropped shoulder, straighter armhole, and wider, shorter sleeves
Double-stitching at the hems to make it built to last
Thick and hefty fabric
Tear away tag
Available in 2 packs and a wide array of colors so you can stock up on your favorite"
64479_B00YTFDIQ0,64479,B00YTFDIQ0,m23 for cars,"MSA OFFROAD WHEELS M23 BATTLE Flat Black Wheel with Painted and Chromium (hexavalent compounds) (14 x 7. inches /4 x 112 mm, 10 mm Offset)",MSA OFFROAD WHEELS,"FL-BLK
Flat Black"
42291_B07BTSGQQG,42291,B07BTSGQQG,foul language bird coffee mug,"Wampumtuk Grammar I Before E, Except After C and Also When You Heinously, Weird 11 Ounces Funny Coffee Mug",Wampumtuk,"This mug features printing on both sides and it is home and restaurant use, dishwasher and microwave safe. 100% pure white ceramic with money back guarantee, great gift for coffee addicts who will appreciate for years. Have a coworker or friend that is a bit crazy? This is the perfect gift for them to use every day in the office.
Your selection is a great gift idea for that friend of you that is a"
60122_B000WNL5QS,60122,B000WNL5QS,large pinata with stick,Plastic Multicolor Fringed Pinata Stick,Unique,"1 Plastic Multicolor Fringed Pinata Stick
Colorful Plastic Pinata Buster measures 30"" in length and comes in 1 of 3 color varieties
Plastic Pinata Bat is ideal for one time use and should be used under adult supervision
Use to play the classic pinata party game at your next Cinco de Mayo party or birthday party
Coordinate with other birthday party supplies and party games"
14328_B07QW563YZ,14328,B07QW563YZ,bearded dragon tank,SLSON Reptile Water Feeder Automatic Water Dispenser Waterer 13.5Oz Feeding Accessories for Turtle Bearded Dragons Lizards Geckos for Terrarium Tank,SLSON,"AUTOMATIC WATER FEEDER: This water feeder will refill the water into the dish automatically whether you are at home or not, it will provides constant source of fresh water and keep the water quality good so you will not worry if reptile have enough water.
UNIQUE DESIGN: It was design in right angle so you can put it at the corner of tank, it will not take up a lot of space. Stable base design prev"
26265_B07BV7R9F8,26265,B07BV7R9F8,cif descaler,"Keurig Descaling and Maintenance Kit by AMC - Includes 14 Ounce Descaling Solution, 10 Keurig Rinse Pods & 2 Replacement Water Filters",BOTARO,
48187_B076FYJXGN,48187,B076FYJXGN,h20 hand and nail cream,"Eucerin Advanced Repair Hand Cream, Lotion for Very Dry Skin Use After Washing with Hand Soap, Fragrance Free, 8.1 Ounce (Pack of 3)",Eucerin,"Advanced repair hand cream’s formula helps repair dry skin and provide the moisture that hands and fingers crave
Formulated with ceramide-3, natural moisturizing factors and nourishing shea butter
Frequent washing and external factors like the environment can strip hands of vital elements needed to keep hands soft, smooth and hydrated. Advanced repair hand cream leaves hands noticeably softer and "
19619_B01N7TW187,19619,B01N7TW187,breaking the habit of being yourself,Chakra Healing: A Beginner's Guide to Self-Healing Techniques that Balance the Chakras,,"<p><strong>The complete guide to balancing your chakras and healing your mind, body, and spirit</strong></p><p>Within all living beings are seven powerful centers of energy called chakras. Every chakra holds the potential for immense healing and restoration, and <em>Chakra Healing</em> can show you how to harness that power with a wide range of simple, beginner-friendly exercises that anyone can d"
17509_B0797GW888,17509,B0797GW888,blue wet and wavy hair,"Wet Brush Original Detangler Hair Brush - Purple - Exclusive Ultra-soft IntelliFlex Bristles - Glide Through Tangles With Ease For All Hair Types - For Women, Men, Wet And Dry Hair",Wet Brush,"Helps support MaxLoad system
Installation in studs or concrete with standards and brackets must be no more than 16 inches apart
Use with MaxLoad cabinets
Use with Maximum Load cabinets
Material: Epoxy coated steel"
57532_B07NRXM6TH,57532,B07NRXM6TH,kfc phone,"HZONE Kindle Fire Fast Charger, (UL Listed) AC Adapter 2A Rapid Charger with 5.0 Ft Micro-USB Cable Compatible with Fire 7 8 10 Tablet, HDX 6"" 7"" 8.9"" 9.7"" and Phone, Tab Power Supply Cord, Black",HZONE,"【COMPATIBILITY】- Micro-USB Charged Tablets and Phones including Kindle Fire Tablet Hd, Hdx 6"" 7"" 8. 9"" 9. 7"" 10"" 10. 1"" 11"" 11. 6"" 12"" 12. 1"" 12. 2"" 3g 4g LTE: GPZ45RW 3HT7G NM460GZ C9R6QM X43Z60 PW98VM DP75SDI SD4930UR 55-000662 55-000660 53-000136 53-000777 A02710 and All New Fire With Alexa, Echo Dot, Paper white, Oasis, Voyage, Fire TV Stick.
【POWER SPECS】- 5V 2. 0A 5W 9W 10W Power fast Quick "
52213_B01FVW3EXG,52213,B01FVW3EXG,hydrapeak water bottle straw lid 40oz,"Takeya Originals Bottle Spout Lid, Black",Takeya,"ORIGINAL SPOUT LID offers the ultimate combination of wide mouth convenience provides for easy, one handed drinking.
EASY CARRY WIDE LOOP HANDLE for all day carrying comfort and durability. Hinge lock keeps cap out of your way while drinking.
PREMIUM BOTTLES AND LIDS: Our innovative line of insulated hydration solutions come in a range of sizes. We offer water bottles in 18, 24, 32, 40, and 64 oz "
60945_B075XLRHNQ,60945,B075XLRHNQ,led light makeup,"Chende LED Vanity Mirror Lights, 11.53ft Hollywood Make Up Light for Vanity Stick on, 10 Large Daylight Dimmable Bulbs with AC Adapter, for Makeup Vanity Table & Bathroom Mirror, Mirror Not Included",Chende,"10 Hollywood style dimmable LED light bulbs, provide plenty on brightness to makeup in dark. 4000K light bulbs be recommended by professional makeup artist. It is soft and not dazzling, so your eyes not be hurt by the light and it is no problem to makeup for a long time.
Easy be installed in a few minutes. Easily stick it directly on the mirror, mirror frame or wall in a few minutes, and then plug"
107980_B07DLPDZH5,107980,B07DLPDZH5,vases open on both ends,"Marbrasse Retractable Cup Drying Rack, Drinking Glass and Sports Bottle Drainer Stand, Plastic Bag Dryer and Mug Tree with Non-Slip Bottom for Kitchen Countertop",Marbrasse,"PREMIUM MATERIAL - Made of food grade BPA free PP, odorless and harmless, add extra durability. With water-absorbing cloth-rag.
RETRACTABLE - Meet different demands of using, Easily adjustable to store when not in use.
SPECIAL DESIGN - Tree branches shaped on top, It can keep the cup smooth and steady.Non-slip silicone tips on bottom,also has good grip on the table
HIGH CAPACITY STORAGE - Portable"
46976_B00Y2862VC,46976,B00Y2862VC,graco for ever car seat,"GRACO Nautilus 65 LX 3in1 Harness Booster Car Seat, Matrix",GRACO,"3-in-1 harness booster helps protect your child, from toddler to youth
Grows with your child from forward-facing harness (22-65 lb) to highback booster (40-100 lb) to backless booster (40-120 lb)
No-Rethread Simply Safe Adjust Harness System allows the headrest and harness to adjust together in one motion
Fuss-free harness storage to get your child in and out easily
Removable body support helps ke"
925_B00FL8LL7M,925,B00FL8LL7M,"1"" craft marbles glass","Hiland RGLASS-BB Pit Fire Glass i n Bahama Blend, Extreme Tempature Rating, Good for Propane or Natural Gas, 10 Pounds, 10 lb",Hiland,"Fire glass is very easy to maintain because it emits no ash, soot, or smoke. Thus you can spend more time enjoying your fire pit/place and less time cleaning it
Our fire glass is not just exquisite to behold, it is also very practical. It does a wonderful job of covering the entire floor of a fire feature, effectively hiding the unseemly pipes and tubes
Heat Rating: Higher temperature when compare"
89520_B0001LUG2K,89520,B0001LUG2K,sabacc chips,100 Ct. Poker Chips Set 11.5 gram (styles will vary),"Spin Master, Inc","Five different colors included
11.5 g weighted for proper feel"
45211_B01LD5XNTU,45211,B01LD5XNTU,gift not included batteries,Cirkooh Sport Soccer Football 3D Optical Illusion Lamp 7 Colors Change Remote Control and Touch Button LED Table Desk Night Light for Bedroom Decoration,Cirkooh,"With a 15 keys LED remote controller to customize the colors of the LED desk light
Touch button: Red, Green, Blue, Yellow, Cyan, Pink, White, color changing; Package size: approx 21*15*5.5cm/8.3*5.9*2.2inch
With a USB cable (included in the package) or 3-AA battery (NOT included in the package)
Application: decoration light, a perfect gift for Kids, Lover, Birthday, Christmas and Holiday
NOTE: 3D "
111753_B011B4UX5U,111753,B011B4UX5U,wilwood pressure guage,Wilwood Engineering 260-12627 Adjacent Proportioning Valve Knob Style (M10 x 1.0 BF inlet),Wilwood Engineering,"Adjustable
Knob Style
Proportioning Valve
Fit type: Universal Fit"
66391_B079K31W9R,66391,B079K31W9R,matress no sound,"Zinus 14 Inch SmartBase Mattress Foundation, Platform Bed Frame, Box Spring Replacement, Quiet Noise-Free, Maximum Under-bed Storage in Industrial Brown, Queen",Zinus,"14 inches high with 13 inches of clearance under the frame for valuable under bed storage space
No tools are required, assembles in minutes
Best fit for average weight people
Replaces bed frame and box spring
Requires the use of Smart Base headboard brackets to connect to a headboard"
62480_B07JZ56HL7,62480,B07JZ56HL7,lightweight mirror for wall,"Dahey Gold Hexagon Mirror Wall Decor Small Decorative Mirror Hanging Mirrors for Wall Home Bathroom Bedroom Living Room, 11.81""X10.24"", Small, Gold",Dahey,"Nordic style hexagon hanging mirror, the gentle and luxurious of the design, providing both utility and decorative elements. Perfect for housewarming,Christmas,Thanksgiving,Halloween,New Year,s Day gift.
Material: Metal and mirror. The metal makes the mirror more elegant and the reverse side in velvet, feel soft and avoid getting hurt when you using it.
Minimalist Design: Geometric shape decor mir"
694_B003W0JWCC,694,B003W0JWCC,1 cant believe its not butter and herb,Amish Country Popcorn | Ballpark ButterSalt Popcorn Salt - 4.5 oz Jar | Old Fashioned with Recipe Guide (4.5 oz Jar),Amish Country Popcorn,"4.5 OUNCES OF BALLPARK BUTTERSALT - Buttery flavor that makes you feel like you're enjoying some corn at the ballpark!
15 AMAZING POPCORN RECIPES - Your purchase comes with our Fantastic Recipe Guide eBook. You don't even have to search for recipes, we've done the legwork.
NON-GMO & GLUTEN FREE - With our products being Non-GMO and Gluten Free, you can eat this popcorn with peace of mind!
LOW CALO"
20080_B0006ZH782,20080,B0006ZH782,brown notecards without envelopes,"Quality Park 6 x 9 Clasp Envelopes, Clasp and Gummed Closures for Storing or Mailing, 28 lb Kraft Paper, 100 per Box (QUA37855)",Quality Park,"Quality Park 6x9 clasp envelopes are a staple of every office; a gummed flap and reusable clasp make them ideal for mailing and storage; 100 per box
Our yellow envelopes have durable 2 prong metal clasps and reinforced eyelets to let you access your files as needed; open, close, repeat
A deeply gummed envelope flap is laid thick with moisture-activated adhesive; creates a firm seal you can trust i"
17677_B082M4GL4X,17677,B082M4GL4X,blush and grey wall decor,yj_art Blush Pink Flower Picture Wall Art Decor Canvas Wall Art Print Floral Paintings Decoration for Bedroom Living Room (Overall Size: 40''W x 20''H),yj_art,"Overall size: 40''W x 20''H (8''x12''x2p, 8''x16''x2p, 8''x20''x1p). The image is just for displaying not for scale, pls measure your place before purchase
Easy for installation: Canvas wall art comes ready to hang, it's wrapped and stretched on strong wooden frame, metal hooks have been mounted on each panel. All you need to do is to put the nail to the wall and put the hook on the nail.
Beautifu"
89108_B01IRCAUXO,89108,B01IRCAUXO,rugs for living room 8x10 clearance,Persian Area Rugs 4620 Cream 8 x 11 Area Rugs,Persian Area Rugs,"Made in Turkey
High Quality polypropylene
Brand New rugs
Actual size: 7 feet 10 inches Width by 10 Feet 6 inches Length"
16318_B07MY2MSMH,16318,B07MY2MSMH,black and white paint splatter shirt,Marvel The Punisher White Ink Splatter Skull Logo T-Shirt,Marvel,"Official Marvel Merchandise
Marvel The Punisher Graphic Tee Shirt for Men and Women
Lightweight, Classic fit, Double-needle sleeve and bottom hem"
81992_B06XTKM2GJ,81992,B06XTKM2GJ,poly strapping,"Poly Strapping Tensioner & Cutter Manual Banding Tools Windlass for 1/2"" -3/4"" Width Polyester Polyproplyn Strap",Gresdent,"<b>Our heavy duty handy strapping kit is of all harden steel construct ensuring durality and long lifetime.</b>
<b>This Windlass tensioner tool is used in combination with the strapping sealer tool. PP/PET Strap recommend from 1/2 to 3/4 inch width and open seal of same size.</b>
<b>Our polypropylene strapping tool grips, tensions and cuts efficiently and easily. Can be used horizontally or vertic"
43968_B08BNNCH1D,43968,B08BNNCH1D,galaxy note 20,"Vapesoon Galaxy Note 20 Waterproof Case, Protective Clear Cover with Built-in Screen Protector, IP68 Waterproof Shockproof Case for Samsung Galaxy Note 20 6.7 Inch (Black)",VAPESOON,"【Specialized Designed】Precise designed for Galaxy Note 20 6.7 inch 2020 Released ONLY. Easily access to power, volume and all ports, buttons and functions according to the precise cutouts
【Excellent IP68 Waterproof】IP68 waterproof, designed and tested it at 6.6 inch/2 meters under water for 30 min, A snow/moisture-proof/dust-proof enclosure for samsung galaxy note 20 that provides excellent protec"
7475_B01MZ4LZ30,7475,B01MZ4LZ30,airplane pinatas for birthday party,"Bulk Party Favors 8"" Glider Planes Fighter Jets - Fun Toys - Pk of 24 Gliders - Foam Glider Airplane - Fun Gift, Party Favors, Stocking Stuffer, Goody Bag Fillers, Carnival Prizes, Pinata Filler",Neliblu,"RECREATE GREAT AIR BATTLES in your imagination with these War Plane Gliders! Hours of entertainment await you and your children.
LET THESE PLANE GLIDERS LOOSE and they can really fly. Gliders are a fun addition to a party favor bag, classroom reward bucket, carnival prizes, stocking stuffer, treasure chest and much more.
CREATE YOUR OWN AIR SHOW! Kids of all ages will love seeing how high they can"
3450_B08512NLJ7,3450,B08512NLJ7,3 ton heat pump split system,2 to 3 Ton 20 SEER Variable Speed MrCool Universal Central Heat Pump Split System - Upflow/Horizontal with Quick Connect Lineset - 15 Feet,MRCOOL COMFORT MADE SIMPLE,"The MRCOOL UNIVERSAL DIY AC & HEAT PUMP CONTINUES TO HEAT IN TEMPERATURES AS LOW AS -22! The 2 to 3 Ton 18 SEER MrCool Universal DIY Central Heat Pump Split System is an innovative heating and cooling system that will keep you cool in the summer, warm in the winter, and will save you money year-round! Unlike conventional heat pump split systems, the Universal uses a DC inverter compressor to modul"
109752_B00UM4E0VE,109752,B00UM4E0VE,warrior lingerie,"Leg Avenue Women's SM High Low Peasant Dress, Ivory, Small/Medium",Leg Avenue,sleeve type: 3/4 Sleeve
52588_B07C5R1P7Y,52588,B07C5R1P7Y,ice cream 4t shirt,Mother Goose Club Toddler T-Shirt - Ice Cream Clothing for Kids with Eep The Mouse (4T),Mother Goose Club,"This t-shirt is made from 100% Cotton Fine Jersey, so it’s durable to last through playtime and soft to feel great on your toddler’s skin!
All our shirts are printed in the USA!
All our shirts are printed using premium quality Discharge Underbase printing to stay bright, colorful, and fun!
It’s the perfect gift for any fan of the Mother Goose Club!
If you are not satisfied we offer a money-back gu"
92006_B086BLX1B4,92006,B086BLX1B4,sex machine,"LUYOUKISS Adult Mǎstùrbator Machine Gun Accessories, G-Spõ'T V-Î-Brâtor Massage S·ê·x Machine Gun Accessories Variety of Optional Toy Accessories",LUYOUKISS,"★All accessories as first picture.
★Made of medical silica gel, high quality ABS, TPE, stainless steel alloy, fine workmanship, safety and environmental protection, please feel free to use.
★Secret packaging: Our products are packaged through privacy, please rest assured, only you know."
21309_B08LMJVKYW,21309,B08LMJVKYW,caged ceiling fans,"Luxury Modern Farmhouse Indoor Ceiling Fan, Small Size: 18.1""H x 23.5""W, with Modern Style Elements, Charcoal Finish, UHP9031 from The Adelaide Collection by Urban Ambiance",Urban Ambiance,"STYLE AND DESIGN INSPIRATION: Small in size and designed in a Modern Farmhouse style, the Modern design is both luxurious and classy making it a highly desirable fixture in our product line at Urban Ambiance
MATERIAL AND FINISH: Made from Steel with our Charcoal finish
DIMENSIONS: 18-1/8''H x 23-1/2""W x 23-1/2""D
FAN TECHNICAL DETAILS: 4 fan blades, 3 Speed, Manual Reverse, 39 Watts, 1297 CFM(air v"
42856_B00PUPNEPS,42856,B00PUPNEPS,frozen theme,Disney Frozen Elsa Blue Adjustable Strap Messenger Shoulder Cross Purse Bag,,"Size Approx 9""H x 8""L x 2""D
Adjustable Shoulder Strap Measures Approx: 35"" Long
Polyester"
2658_B076DKND6Z,2658,B076DKND6Z,2 seat stroller,"Jeep Scout Double Stroller by Delta Children, Spot On , 23.4x29.9x37 Inch (Pack of 1)",Delta Children,"Extendable canopies with sun visors; Five-point safety harness with soft shoulder pads and reflective material that ensures you and your children can be seen at night; Meets Disney size requirements
Multi-position reclining seat Parent cup holder Abundant storage includes double rear canopy bags
5.5 Inches wheels with front swivel and suspension system Lightweight design that fits through standard"
110997_B07M5H81GK,110997,B07M5H81GK,white cami tank tops for women,"Hanes Women's Cami 3-Pack, Assorted, Medium",Hanes,"Y-back, Spaghetti Strap Construction
58% Cotton / 37% Polyester / 5% Spandex
Soft, Cotton-rich Jersey
Stretches and Moves with You
Comfortable, Relaxed Fit"
93654_B07QF2Q81H,93654,B07QF2Q81H,simple modern straw lid water bottle,"Simple Modern Insulated Straw Lid - Fits All Summit and Hydro Flask Wide Mouth Water Bottle Sizes - Insulated Splash Proof Cap for 10, 12, 14, 16, 18, 20, 22, 24, 32, 40, 64 & 84 oz - Midnight Black",Simple Modern,"Insulated Leak Proof Straw Lid: Built for easy drinking on the go, the lid is leak proof when the nozzle is in the closed position and has extra insulation to keep your beverage colder longer
Built for all sizes of Simple Modern Summit, including kids variations, and Hydro Flask WIDE MOUTH Bottles; Cut the straw to fit your bottle size; Not compatible with other bottles
US Patent Pending Design: T"
42627_B07D1RJ91J,42627,B07D1RJ91J,fridababy scissors,"CCR Scissors 8 Inch Soft Comfort-Grip Handles Sharp Titanium Blades, 2-Pack",CCR,"Ideal for both home and office use, cuts through paper, cardboard, fabric
Titanium-enhanced stainless-steel blades make clean cuts and stays sharper longer
Soft-grip holes let you maintain a comfortable,can be used left- or right-handed
8-Inch long for ease of use, 2 pairs of straight handled scissors for smooth, efficient cutting
Lifetime warranty"
99896_B07DH4B8JV,99896,B07DH4B8JV,swissqlip deep carry pocket clip,Folding Utility Knife Men's Gift | Pocket Knife Set for Him Box Cutter Folding Work Knife | Heavy Duty W/ Belt Clip,Holtzman's Gorilla Survival,"✅ SAFELY CARRY ANYWHERE - Handle the task quickly & conveniently with Holtzman's Utility Knife Cutter MultiPurpose tool with dual blade design! Folding design allows for safe & compact pocket storage. The enclosed optional clip attachment also allows the multipurpose knife to stay put in your pocket or wherever you choose to secure it. Ideal for DIY & commercial use.
✅ MULTI-FUNCTION TOOL - Experi"
40285_B00ELLCK4I,40285,B00ELLCK4I,fill in powder with procapil medium brown,Cover Your Gray Fill In Powder - Black (Pack of 3),Cover Your Gray,"Are you experiencing thinning hair or balding spots? Get ready to love your hair again with Cover Your Gray Fill-In-Powder the leading tinted thinning hair solution Instantly fills-in thinning and balding areas
Rain proof & sweat proof...wont run, streak or rub off
Washes out only when hair is shampooed normally
Suitable for all hair types. Formulated with Procapil, a patented complex of natural b"
77486_B07B5T3PPQ,77486,B07B5T3PPQ,panerai watches outfit,22mm Pumpkin Orange / Black - BARTON Elite Silicone Watch Bands - Quick Release - Choose Strap Color & Width,BARTON WATCH BANDS,"SWAP IN SECONDS: Quick release spring bars allow you to swap bands in seconds to compliment your wardrobe or mix and match with BARTON's other Leather, Canvas and Silicone quick release watch bands to take your timepiece from the gym to the workplace. Simply slide quick release knob with finger as shown in diagram.
SELECT PROPER WIDTH: Compatible with any traditional or smart watch that uses 18mm,"
32773_B08BYMTMK4,32773,B08BYMTMK4,devil costume for women,2 Pieces Halloween Devil Costume Accessories Devil Tail Devil Pitchfork Devil Cosplay Costume Accessories for Halloween Cosplay Party,Sumind,"Detailed size: devil tail measures about 65 cm/ 25.6 inch in length, and the devil pitchfork is approx. 50 x 12 cm/ 19.7 x 4.7 inch (L x W), adorable and novel, appropriate size fits most people
Nice workmanship and durable material: devil costume set is made of decron and plastic, lightweight and durable to use, the surface is smooth and comfortable to touch, safe to use
Halloween party costume: "
32164_B07L5TPLKZ,32164,B07L5TPLKZ,defribilator portable,Breather Fit │Natural Breathing Lung Recovery/Exercising Muscle Trainer for Athletes│ The Ultimate Lung Exercise Device,Breather Fit,"BE AN OLYMPIAN BREATHER | Breather Fit is a scientifically designed lung boost respiratory trainer proven to help you gain a competitive edge. This performance breathing trainer will help you improve performances in sports & other cardio activities by decreasing exercise-limiting dyspnea, while at the same time accelerating recovery & reducing time to fatigue.This is the breathing exercise device "
54511_B07DC877RF,54511,B07DC877RF,iphone skills,Relaxing Piano Music,TopNotch Skills,
1607_B0814FZTRC,1607,B0814FZTRC,10mm oil burner bent without connector,DEVAN S Shape Oil Burner 10mm Male Frosty Joint (5),DEVAN,"S-shape burners
10mm male joint
5pcs/pack"
98164_B00OFO1CI6,98164,B00OFO1CI6,stihl ts800 fuel filter,HIFROM Spark Plug for stihl MS250 MS230 Ms340 Ms360 Ms380 Ms381 Ms390 Ms440 Ms460 Ms640 Ms650 Ms660 020 021 023 024 025 026 034 036 038 039 044 046 064 066 Ts400 Ts410 Ts420 Ts700 Ts800 Chainsaw,HIFROM,"🌟 1. New high quality aftermaket replacement parts
🌟 2. Fit for chainsaw models MS250 MS230 MS240 Ms260 Ms270 Ms280 Ms340 Ms341 Ms360 Ms361 Ms380 Ms381 Ms390 Ms440 Ms441 Ms460 Ms640 Ms650 Ms660 Ms880 020 021 023 024 025 026 034 036 038 039 044 046 064 066 084 088 Ts400 Ts410 Ts420 Ts460 Ts700 Ts800
🌟 3. This is non original aftermarket parts, please check the pictures for compatibility before buy "
1665_B00WTSCXIS,1665,B00WTSCXIS,10” cast iron skillet without handle,"Lodge Cast Iron Skillet with Red Silicone Hot Handle Holder, 10.25-inch",Lodge,"CAST IRON SKILLET is 10.25 inches in diameter and includes red silicone hot handle holder. An improvement on the original: the Lodge Cast Iron Skillet, featuring an assist handle. This will be your go-to pan for generations to come
SEASONED CAST IRON COOKWARE. A good seasoning makes all the difference. Lodge seasons its cookware with 100% vegetable oil; no synthetic coatings or chemicals. The more"
63025_B00513BH58,63025,B00513BH58,liu wei di huang pian,Liu Wei Di Huang Wan Herbal Supplement (360 pills) (1 Bottle) (Solstice),Tong Ren Tang Technologies Co. LTD.,1 bottle of Liu Wei Di Huang Wan by Beijing Tong Ren Tang
46208_B0155MYI0U,46208,B0155MYI0U,go pro,"GoWorx The Original Handle for GoPro HERO cameras (One Size, Black/Black)",GOWORX,"Works with GoPro's HERO camera
Virtually Indestructible High Strength Plastic
Adjustable 550 Paracord Wrist Strap
Simple, Lightweight Design
Aluminum Thumbscrew"
31182_B07J5WGR4J,31182,B07J5WGR4J,cycling shoes pedals combo spd sl,"Venzo Cycling Bicycle Cycle Road Bike Shoes Men - Compatible with Shimano SPD, SPD SL, Look KEO, Look Delta - Package Including: Xpedo RF07MC Pedals White 41",Venzo,
81686_B07TKZCSMW,81686,B07TKZCSMW,pocketbooks for women,"Calvin Klein Sonoma Reversible Novelty North/South Tote, TAN COMBO",Calvin Klein,"Strap Drop: Yes inches; Pockets: 2 slip, 1 zip"
97201_B07RYTPZ7Q,97201,B07RYTPZ7Q,square metal tables for restaurants blue,"FDW Metal Dining Chairs Set of 4 Indoor Outdoor Chairs Patio Chairs Metal Chairs 18 Inch Seat Height Restaurant Chair Kitchen Chairs 330LBS Weight Capacity Stackable Chair Tolix Side Bar Chairs,Gray",FDW,"✔【SELECT HIGH QUALITY MATERIALS】: Lightweight, comfortable and the Industrial design make this metal chair stand out functionally and visually for the restaurant or home, make the stackable chairs adding a sense of authenticity and comfort. Stackable chairs restaurant chairs metal chair.
✔【NON-SLIP RUBBER FEET TO PROTECT THE FLOOR】:Anti-slip plastic mats on the four feet of the metal chairs，can be"
111753_B010U5SDBM,111753,B010U5SDBM,wilwood pressure guage,"Wilwood 260-13190 Proportioning Valve, Black",Wilwood,"TANDEM MASTER CYLINDER MOUNTING BRACKET KIT W/ PROP VALVE
Part number: 260-13190
Fit type: Vehicle Specific
Oem equivalent part number: 260-13190"
32966_B072BRWGR6,32966,B072BRWGR6,diamond engagement rings for women,"Gem Stone King 10K 2-Tone Gold Oval Blue Sapphire and Diamond Women Halo Engagement Ring (2.50 Cttw, Oval 9X7MM, Available 5,6,7,8,9) (Size 7)",Gem Stone King,"MEASUREMENTS: 9x7mm Oval Blue Sapphire, 1x1mm Round I - J Diamond. Total Carat Weight is 2.34 cttw.
CRAFTED: in 10k Yellow Gold with 10k stamp.
USA BASED COMPANY AND SERVICE: Our jewelry passes extensive quality checkpoints before being shipped to you. In the (very) unlikely event that you aren’t satisfied, simply return for a 100% refund.
EXCELLENT GIFT: for birthday, anniversary, holidays, stock"
86659_B083J7NZ6G,86659,B083J7NZ6G,reflective car,6pcs Car Rear View Mirror Stickers Decor Reflective Vinyl Stripe Decal Vinyl Graphic DIY Funny Cool Car Bumper Stickers for SUV Pickup (Silver-White),Unknown,
69079_B07DKWQGYQ,69079,B07DKWQGYQ,military back packs field line,Orca Tactical Military Backpack - Large Military Grade Backpack - Army Inspired Salish 40L - External MOLLE Mounted 3 Day Survival Bag - Rucksack Pack (Coyote Brown),Orca Tactical,"THE SPACE YOU NEED - Massive storage in a small package is what this authentic elite carrier system is all about. Backpacking in the USA requires the use of all available small in a lightweight frame. With it's 13"" x 20"" x 13"" dimensions and appropriately sized 40L capacity, this pack has room for all of your essential gear. The unit is ideally used as a 3 day survival bag or backpack.
BUILT TOUGH"
95531_B082K9XD4X,95531,B082K9XD4X,soak off gel polish remover,"3 Pack Magic Nail Polish Remover,Soak-Off Gel Nail Polish In 3-5 Minutes,Professional Removes,Quickly & Easily,Don't Hurt Your Nails",cywl,"【NOVEL REMOVER】This is a revolutionary nail polish remover that makes it easy to remove in the nail removal process without worried about how to remove nail polish any more.
【NON-IRRITATING】This product made from natural ingredients, very light smell, can remove the nail polish easily and don't need to worry about removing nail gel Polish will damage your nail.
【EASY TO USE】Magic Nail Polish Remov"
9907_B081CFNXCW,9907,B081CFNXCW,apple watch series 5,"CAGOS Compatible with Apple Watch Bands 42mm 44mm Women Men, Sport Loop Waterproof Silicone Replacement Straps Wristbands for Apple Watch Series 5/Series 4/Series 3/Series 2/1 (Lavender, 42mm/44mm)",CAGOS,"PERFECTLY FIT: CAGOS compatible with apple watch band 42mm 44mm is exactly like original iWatch band, super sofe and smooth, very comfortable to wear. It will fit perfectly for your smart watch 42mm 44mm Series 5/Series 4/Series 3/Series 2/Series 1. Slides in and out well. No overhang or gaps. You don't need to worry about falling off your precious Apple Watch.
SKIN-FRIENDLY AND COMFY: CAGOS compa"
26011_B01801AW6C,26011,B01801AW6C,christmas scrapbook paper colorbok,"Colorbok Designer Paper Pad, 12"" x 12"", Multicolor",Colorbok,"Designer paper
Multi-colored
12 inches x 12 inches"
50997_B07NZZZ5ZL,50997,B07NZZZ5ZL,home made dust collector,"Cen-Tec Systems 94192 Quick Click 16 Ft. Hose for Home and Shop Vacuums with Multi-Brand Power Tool Adapter for Dust Collection, Silver, Feet",Cen-Tec Systems,"1. 25"" diameter X 16 foot commercial grade vacuum hose to connect from all major brands of home shop vacuums to a wide range of power tools with 1. 00"" and 1. 50"" internal and external connections for dust collection
The highly flexible commercial grade vacuum hose has a smooth interior to resist clogging with large profile debris while supplying superior airflow. Airflow to the tool can be modifi"
6055_B08XB3Y63B,6055,B08XB3Y63B,abbie beyond wooden high chair,"Baby High Chair Cushion, Thick Pad for Wooden High Chair, Baby Dining Chair Liner Mat(Pink Forest）",Myusbest,"《Comfortable material》 high chair cushion is made of cotton, soft and comfortable, very suitable for babies, but it is not waterproof.（Brand: KRIZJUES）
《Comfortable material》 high chair cushion is made of cotton, soft and comfortable, very suitable for babies, but it is not waterproof.
《Heart Design》high chair seat cushion cover can be easily connected to most wooden or plastic high chairs with tw"
54641_B07XK86YYD,54641,B07XK86YYD,iphone xs max,"Otter + Pop for iPhone Xs Max: OtterBox Symmetry Series Case with PopSockets Phone Grip and Phone Stand, PopGrip, Collapsible, Swappable Top, Black with Aluminum Black",PopSockets,"Otter + Pop Symmetry Series case with integrated PopGrip so you can text better, snap pics singlehandedly, and indulge in hands-free propping
Swappable design for infinite PopTop interchangeability, designed for a slim, pocketable profile
Wireless charging made possible with easy removal of the PopTop
Designed to exclusively to fit the Apple iPhone XS MAX
Dimensions 6.42"" L x 3.36"" W x 0.64"" D whe"
5888_B00E8HNKT4,5888,B00E8HNKT4,a seperate peace john knowles,Study Guide for A Separate Peace by John Knowles,,"Written to accompany American author John Knowles' landmark 1959 coming of age novel, this extensive literature study guide by Sabrina Justison helps you get the most out of A Separate Peace. (NOTE: This is the study guide ONLY. The novel must be obtained separately.) <br>Literature study guides from 7SistersHomeschool.com inspire students rather than tire them with busywork that kills the story. "
89412_B086MYW134,89412,B086MYW134,ryze tello,"4DF3 GPS Drone with 4K Camera for Adults,5G FPV Live Video RC Quadcopter for Beginners Toys,2 Batteries and Carrying Case, Auto Return Home, Follow Me,Gravity Control,Waypoint Fly, Headless Mode",DRONEEYE,"【4K HD Camera & 5GHz Image Transmission】 -- HD camera catches incredible clarity in the photos ; 5GHz transmission ensures beautiful scenes are sent back to the phone, frequent and clear; 90°adjustable angle enables broader views. Front camera + bottom camera
【 Auto Return & Follow Me】 -- Equipped with GPS positioning, the drone can automatically follow the pilots. When it is losing signal or powe"
5743_B07NZT42Q4,5743,B07NZT42Q4,Nice new top of the range laptop with maybe where the screen comes away on it's own,"TowelSoft Terry Bath Wraps with Shoulder Straps for Girls, Spa Body Wrap Towel Red",TowelSoft,"Wrap your kids in comfort with our 100% super absorbent top quality natural terry cloth bath wraps. Features terry cloth inside and terry velour outside, with secure top adjustable elastic band, and nylon fabric closure.Ê
Machine Wash Warm with Like Colors, Gentle Cycle. Do Not Bleach.Tumble Dry Low, Remove Promptly.
Secure Top Elastic BandNylon Fabric Closure
Terry Cloth Inside & Terry Velour Out"
16770_B07YDWLD6R,16770,B07YDWLD6R,black rose mens shirts,Sport Suit Tracksuit Mens Autumn Splicing Zipper Print Sweatshirt Top Pants Sets Red,KINGOLDON,"▶We have complete replacement and return policy ▶""Customer is God"" ▶Any problem ▶Please feel free to contact us ▶We promise to you that we will try our best to serve you
▶It is true to size ▶Please select the size in usual ▶If you don't fit the garment we will replace it till you fit well
▶Quality is our culture ▶Click our store name ""KINGOLDON"" above the title or Enter ""Tops KINGOLDON, Dress KING"
82858_B075738TNB,82858,B075738TNB,power poles for boats 8ft,Power-Pole CM2.0 Standard Wireless Foot Switch,Power-Pole,POWER POLE WIRELESS FOOT SWITCH KIT CM2
73056_B07XJ8TWFQ,73056,B07XJ8TWFQ,nevo hybrid smart watch,Smart Watch for Android Phones Naturehike M1 with Heart Rate and Sleep Monitor GPS Activity Tracker Watch IP67 Waterproof Smartwatch Mens Smart Watches…,Naturehike,
109613_B07PMQRKSY,109613,B07PMQRKSY,wallet phone case 7 plus rdif,nuoku Women Small Crossbody Bag Cellphone Purse Wallet with RFID Card Slots 2 Straps Wristlet(Max 6.5''),nuoku,"BORN TO BE VERSATILE PURSES-women's crossbody handbags with 2 adjustable and removeable shoulder straps,make it 5 ways carrying:crossbody bags for women,wristlet wallet,clutch purse,mini should bag,small purse toss in your big purses as a wallet.
MULTI-PURPOSE POCKETS WALLET PURSE-with 10 credit card holder(with advanced RFID blocking protection) + 1 Middle zip pocket + 2 main compartments+ 5 cash"
2963_B086X4PN48,2963,B086X4PN48,230-lbs weight base,"VEICK Resistance Bands Set,Workout Bands,Exercise Bands,5 Tube Fitness Bands with Door Anchor,Handles,Portable Bag,Legs Ankle Straps for Musle Training, Physical Therapy, Shape Body,Home Workouts",VEICK,"Adjustable Resistance Bands, Maximum equivalent of 150 lbs - Comes as a set of 5, 48-inch long colored exercise bands: Yellow (10 lbs),Blue (20 lbs), Green (30 lbs), Black (40 lbs), Red(50 lbs). All bands can be combined together to provide up to 150 lbs
Works for multiple workout scenario - As true resistance is maintained through every part of a motion.The resistance band set can be great with a"
1167_B019XGM9K0,1167,B019XGM9K0,10 by 30 white tents without sidewall,ABCCANOPY Patio Pop Up Canopy Tent 10x10 Commercial-Series (White),ABCCANOPY,"Canopy coverage: 10x10FT of shade. Cover 4 tables in your garden; cover 3 beach chair on the beach; cover 10 people at the same time for your commercial events.
Heavy duty fabric: Durable PU, UV blocker, UPF 50+, 100% waterproof. Suitable for both sunny and rainy days.
Set up in second: Super easy to set up with only 2 people. Roller bag for easy portability and light transportation. Heavy duty wh"
23033_B00C8UB2PW,23033,B00C8UB2PW,cardiac nurse badge card,EKG Ruler Vertical Badge ID Card Pocket Reference Guide ECG,Scrubs and Stuff LLC,"An overview of EKG's, Basic Terminology, and EKG Ruler - all on a badge card!
Durable card made of plastic and is waterproof
Double sided and uses the entire printable area to maximize the total information
Same as a standard badge ID card (or credit card size; 3 3/8"" by 2 1/8"")
About half the thickness of a credit card so it wont weigh down your badge reel or feel bulky"
3378_B019YHK05Y,3378,B019YHK05Y,3 led retrofit recessed,"Sunco Lighting 5/6 Inch LED Can Lights Retrofit Recessed Lighting, Baffle Trim, Dimmable, 3000K Warm White, 13W=75W, 965 LM, Damp Rated, Replacement Conversion Kit – UL Energy Star Listed 4 Pack",Sunco Lighting,"Top Rated Adjustable 5/6 Inch Retrofit LED Downlight with Baffle Trim
&#9989; DIMMABLE - Seamless dimming capabilities (100%-10%) to suit any mood or decor. Our baffle trim recessed lighting fixtures offer instant start up with no warm up. &#9989; Easily adjust sizing to fit 5” or 6” recessed can housings.
&#9989; SIMPLE INSTALL - Follow our installation guide for a quick and easy setup. Suitable "
31503_B01IR8QGK4,31503,B01IR8QGK4,dangling gold earrings,Betsey Johnson Rose Dangle Earring,Unknown,"Dangle earrings featuring long ear wire with iridescent stones and pink rose drop embellished with delicate mixed stone accents. Earrings are set in gold-tone metal with a shepherds hook closure.
Gold-tone metal with glass and enamel
Length: 2.25""
Width: 0.8""
Shepherds hook closure"
75529_B00CAZAU62,75529,B00CAZAU62,omega 3 without fish oil,"Dr. Tobias Omega-3 Fish Oil, Triple Strength, Supports Brain & Heart Health, 2000 mg per Serving, 180 Soft Gels (2 Daily)",Dr. Tobias,"Helps Promote Overall Health: Our extra strength fish oil contains the richest sources of omega 3 fatty acids, helping support your brain, heart, immune system, and bones and joints
3x the Omega 3s: Each serving contains 2,000 mg of fish oil delivering 1,400 mg of omega 3s – that’s 3x more than traditional fish oil pills! Every capsule has the perfect ratio of 800 mg of EPA & 600 mg of DHA, giving"
74120_B07P8WVZ5D,74120,B07P8WVZ5D,no u card game,"UNO FLIP! Family Card Game, with 112 Cards in a Sturdy Storage Tin, Makes a Great Gift for 7 Year Olds and Up UNO FLIP! Family Card Game, with 112 Cards in a Sturdy Storage Tin [Amazon Exclusive]",Mattel Games,"UNO FLIP! is the classic card game you know, now with an exciting new twist!
A double-sided deck and special FLIP card give classic gameplay a competitive edge.
Play the special FLIP card and all cards are turned over, including the draw pile, to reveal an entirely new set of numbers and colors on the opposite side.
UNO FLIP! also includes fun new action cards, like Draw Five and Skip Everyone.
Th"
69915_1684150124,69915,1684150124,mmpr boom,Mighty Morphin Power Rangers Year One: Deluxe (1),Boom! Studios,
89749_B071ZG8Q7B,89749,B071ZG8Q7B,salad buffet containers,"Inflatable Serving Bar Salad Ice Tray Food Drink Containers - BBQ Picnic Pool Party Supplies Buffet Luau Cooler,with a Drain Plug",Moon Boat,"Package includes 3 pieces inflatable serving bars and a random color pump(gift). Fill the inflatable serving bar with ice to keep food and drinks deliciously chilled for hours-indoors or out. Lightweight,portable and waterproof.
With a clear plug in the bottom to drain excess liquids or ice water if you need to refill with ice.It also inflates and deflates quickly.
Reusable.Just drain,deflate,dry "
71921_B07ZP8BVQB,71921,B07ZP8BVQB,mystery box,"UNSOLVED CASE FILES | Banks, Jamie - Cold Case Murder Mystery Game | Can You Solve The Crime?",Unsolved Case Files,"BE A COLD CASE DETECTIVE - Unsolved Case Files puts you in the shoes of a cold case detective tasked with solving a murder that happened decades ago with only the original investigator's case file. Think you can find out who really killed Jamie Banks on November 20, 1992? Unsolved Case Files will let you find out once and for all whether you’re as good as the detectives on TV.
SOLVE 3 MYSTERIES TO"
53752_B011US2ADK,53752,B011US2ADK,ip camera,"Foscam HD 1080P Outdoor WiFi Security Camera – Weatherproof IP66 Bullet / 2.1MP IP Wireless Surveillance Camera System with iOS/Android App, Night Vision up to 65ft, and More (FI9900P)",FOSCAM,"Never Miss a Moment: Remotely access your security camera feed, motion events, and recordings to enjoy peace of mind from anywhere. Includes free local recording. Optional Foscam Cloud remote storage is also available (free trial included).
Easy to Use for Anyone: Improves on traditional CCTV and home security camera systems with plug and play setup provided by the Foscam smartphone app. Simply do"
44022_B07NWNPD5N,44022,B07NWNPD5N,galaxy s8 plus battery case with screen cover,"NEWDERY Upgraded Samsung Galaxy S8 Battery Case Qi Wireless Charging Compatible, 5000mAh Slim Rechargeable Extended Charger Case Compatible Samsung Galaxy S8 (2017)-(5.8 Inches Black)",NEWDERY,"➤ [UPGRADED TO SUPPORT QI WIRELESS CHARGER] - Qi-enabled wireless galaxy S8 power case allows you to charge the case with a wireless charging pad (not included). You can use any Qi wireless charging pad to charge the phone and the battery case together. (Only fit for regular S8.)
➤ [EXTENDED 100% BATTERY LIFE] - Samsung S8 case battery with built-in 5000 mAh rechargeable Li-polymer battery pack, d"
49911_B010SYU1OW,49911,B010SYU1OW,heated ski boot liners,"DryGuy Bootglove, Medium",DryGuy,"Helps retain up to +20 degrees inside the boot
Includes thermal reflective adhesive strips for additional insulation from inside the boot
Adjustable Velcro heel strap for ease of use and adjustment
Side abrasion resistant patches for durability and wear
Wind and water resistant neoprene material"
6627_B006J2I2FS,6627,B006J2I2FS,adhesive vinyl envelops,"TOPS Business Forms Cardinal HOLDit! Self-Adhesive 3 x 5-Inch Index Card Pocket, Clear, 100 Count (21150CB), CRD21150CB",Tops,"Self-adhesive back panel extends above the front panel for easier insertion and removal
Clear front and back with white peel-away back panel
Attach to hold credit cards, index cards, tab cards, electronic media and more
Non-stick material will not damage contents
Pocket fits 3"" x 5"" index card; actual size of pocket is 3.625"" x 5.25"""
115838_B007AQ3MMK,115838,B007AQ3MMK,zone mouthguard,Shock Doctor Mouth Guard Case. Keep Your Mouthguard Clean / Safe. Reduces Exposure to Dirt,Shock Doctor,"STORAGE – Store your mouthguard retainer safely.
CLEAN – Keep away for dirty clothes in your bag. Reduces exposure to dirt.
DRY – Heavy duty ventilation promotes fast drying of the mouthguard.
UNIVERSAL – Fits all mouthguard brands, strap or strapless. Kids, youth or adult mouthpieces.
ATTACH – Carabiner attachment for easy access and can secure to your athletic bag."
76775_B08FVR2X77,76775,B08FVR2X77,outside playhouse for girls,"Play22 Kids Large Playhouse Tent – Kids Play Tent Princess Castle Pink - Play Tent House For Girls With Star Lights & Carry Bag - Princess Castle Playhouse Tent For Girls Boys Indoor Outdoor 55"" X 53""",Play22,"This Is Satisfaction Guarantee - Great Gift for Birthday and Holidays for Students and Boys & Girls - Original By Play22USA - A Small US Business!
Children's play tents has two side windows for ventilation and a front roll up door - take it anywhere - includes convenient carrying case
Play tents for kids indoor tent and for outdoor use – fun to play & sleep - suitable 2- 3 children inside - easy t"
64521_B07KG6TR7X,64521,B07KG6TR7X,mac book pro 13 cover,"MOSISO Compatible with MacBook Air 13 inch Case 2021 2020 2019 2018 Release A2337 M1 A2179 A1932 Retina Display Touch ID, Plastic Hard Shell&Keyboard Cover&Screen Protector&Storage Bag, Transparent",MOSISO,"Designed ONLY to be compatible with MacBook Air 13 inch with Retina Display and Touch ID 2021 2020 2019 2018 Release (Models: A2337 M1 A2179, A1932 - MGN63LL/A, MGND3LL/A, MGN93LL/A, MGN73LL/A, MGNE3LL/A, MGNA3LL/A, MWTJ2LL/A, MVH22LL/A, MWTL2LL/A, MWTK2LL/A, MVH52LL/A, MVH42LL/A, MVFH2LL/A, MVFM2LL/A, MVFK2LL/A, MVFJ2LL/A, MVFN2LL/A, MVFL2LL/A, MRE82LL/A, MREE2LL/A, MREA2LL/A, MRE92LL/A, MREF2LL/"
58922_B00KRRHKMW,58922,B00KRRHKMW,knot sealer for lace wigs,"RemySoft blueMax Daily Refresher - Safe for Hair Extensions, Weaves and Wigs - Salon Formula Leave-in Conditioner - SCENTED",RemySoft,"Light silicone spray protects hair without heavy product build up
Formulated to eliminate tangling and lock in moisture
UV safe formula blocks the damaging effects of the sun
Safe for use on natural hair, wigs, weaves, extensions and hair systems"
37743_1936022834,37743,1936022834,english spanish flash cards for kids,"Carson Dellosa Everyday Words in Spanish Flash Cards—Ages 5+ Colors, Animals, People, Common Phrases, Household Items, Spanish Vocabulary With Illustrations (104 pc)",Carson Dellosa Education,"Hands-On Practice: Help your child master common words or palabras de todos los días in Spanish with the Everyday Words in Spanish Flash Cards. These cards help students develop thinking, decision-making, turn-taking, memorization, and social skills.
What’s Included: The set includes 104 cards highlighting 102 basic Spanish words, phrases, animals, colors, household items, and more! Includes a bon"
94609_B007RL5S0W,94609,B007RL5S0W,small bodum,"Bodum V2012-ISR Columbia French Press Spare Cross Plate, 51 Oz, Black",Bodum,"Replacement Cross Plate for all 51 Oz. Bodum Columbia Stainless Steel French Press Coffee Makers
Fits Bodum Models beginning with 1308
Fits Bodum Models beginning with 1308
The package weight of the product is 0.1 pounds"
567_B07WD6G42D,567,B07WD6G42D,08 chevy silverado led headlights,"AUXITO H8/H9/H11 LED Light Bulbs, 400% Brighter, Mini Size, 80W 16,000LM Per Pair, CanBus Ready, Beam Adjustable Lamp Conversion Kit, 6500K White, Pack of 2",AUXITO,"AUXITO h11 led light bulbs: Run on DC 12V-24V, 40W and 8,000lm per bulb, 6500k white, super focused and stable light output, 400% brighter than stock h11 bulbs, compatible with h8, h9 and h11 socket
Same beam pattern like stock one: 0.079in ultra thin copper board for 360° illumination, helps you see wider and farther, no blinding to oncoming traffic, don’t dazzle other drivers
Mini sized lamp bod"
96279_B07D493RWR,96279,B07D493RWR,sorting hat,LEGO Harry Potter Hogwarts Express 75955 Toy Train Building Set Includes Model Train and Harry Potter Minifigures Hermione Granger and Ron Weasley (801 Pieces),LEGO,"Kids can transport themselves to the world of Harry Potter with this LEGO Hogwarts Express train set, This model train comes with removable side panels and roof, plus a railway toy bridge and Platform 9¾ for creative play
This model train set includes a variety of Harry Potter Minifigures, including Ron Weasley, Hermione Granger, Remus Lupin, the Trolley Witch and Harry Potter, plus Dementor and S"
52465_B005W31HFC,52465,B005W31HFC,i shouldn't be alive,Escape from Bear Mountain,,
105173_B07C863THH,105173,B07C863THH,tregger accesories,PS4 FPS Games Accessories Kit Anti Slip Silicon Analog Stick Thumb Grips Set with Trigger Extensions for Playstation 4 / Slim/Pro Controller (Black),MillionIdeas,"ACCURACY: The stick extensions provide extra grip and range of motion for further accuracy
SENSITIVE & COMFORTABLE: Good grip provides excellent control and reduces thumb fatigue
PROTECTION: Prevent orignal joystick caps from corrosion and spalling
TOTAL 4 SETS FOR FPS GAMES: 3 pairs joystick cap with different heights to offer optimal control and precision; 1 pair R&L ps4 trigger stop for fastest"
89375_B00E3MHEZ0,89375,B00E3MHEZ0,rx350 rims,"Motegi Racing MR116 Gloss Black Wheel With Machined Flange (17x7""/5x112, 114.3mm, +40mm offset)",Motegi Racing,"Available in 15” 16” 17” and 18” diameters with various widths and off-sets
Gloss black painted finish with machined flange and center cap
Lifetime structural and a one-year finish warranty against peeling or lifting of finish
Lug nuts are not included with wheel purchase
Pictures are meant to show the style of the wheel not necessarily the bolt pattern – please refer to product specifications bel"
52045_B01H1R0K68,52045,B01H1R0K68,humidity gauge analog,ThermoPro TP50 Digital Hygrometer Indoor Thermometer Room Thermometer and Humidity Gauge with Temperature Humidity Monitor,ThermoPro,"【Air Comfort Indicator】Humidity meter with humidity level icon indicates air condition -- DRY/COMFORT/WET, allowing this humidity sensor to ensure you’re always aware of changes to your home/household with just a quick glance
【High Accuracy and Quickly Refresh】Inside thermometer has high accuracy of ±2~3%RH and ±1°F, making it ideal for measuring fluctuating readings like in a greenhouse; Data mea"
31067_B07H6KNP9R,31067,B07H6KNP9R,cute rulers for girls,EASTHILL Big Capacity Pencil Pen Case Office College School Large Storage High Capacity Bag Pouch Holder Box Organizer Light Blue,EASTHILL,"【Large capacity】 Upgraded size 8.66 x 4.13 x 2.56 inches with large capacity storage, can store up to up to 50 pens or 90 pencils, and can store small stationery in the mesh bag, such asRubber, Sticker, etc. In the middle of the small mezzanine, can put a few shorter pens that are often used.
【Deformable】:1.Fold it for few pens.2.Unfold it for more pens.
【High Quality】:100% brand new canvas and co"
87180_B01LMO55KM,87180,B01LMO55KM,res med masks cpap,"ResMed Universal Headgear for Various Mask, Standard - Blue",ResMed,"Compatible with a wide variety of ResMed Mirage masks (see description)
Headgear clips sold separately
Wraparound design
Adjustable straps
Customized fit & easy to attach"
63818_B07DLCF3FR,63818,B07DLCF3FR,lounge books,Marvel Mens' Avengers Lounge Pant Size Grey Medium,Marvel,"Men’s Avengers Lounge Pants
Even heroes need to relax, and these pajama pants are a must have for the mightiest of heroes
Featuring Iron Man, Captain America, Thor and Hulk
Complete with an elasticated waistband and super handy pockets
Officially licensed Marvel Merchandise"
69342_B07C9X1W8K,69342,B07C9X1W8K,mini car alarm siren,"SLFORCE Personal Alarm Siren Song - 130dB Safesound Personal Alarms for Women Keychain with LED Light, Emergency Self Defense for Kids & Elderly. Security Sound Whistle Safety Siren (Silver)",SLFORCE,"Your family’s safety is our top priority – jogging early in the morning or late at night, having your teenager out at a party late or just talking a late night stroll are all situations where safety is a major concern. With SLFORCE siren song alarm, you can rest assured knowing that your loved ones are protected. A great choice for kids, teenagers, woman, elderly, students, joggers, etc.
An attack"
359_B0821S1TZG,359,B0821S1TZG,.65 trimmer not tangle ryobi braided,"Ryobi Portable Power Inflator for Tires [NEW DIGITAL GAUGE] [18-Volt] [Cordless] [ONE+ Battery system] [P737D] (Battery Not Included, Power Tool Only)",RYOBI,"NEW AND IMPROVED!
ONE+ COMPATIBLE! This tool runs on the power sources used in Ryobi’s ONE+ battery system, making this purchase extra smart for the Ryobi veteran
PORTABLE PISTOL PUMPING POWER: Ryobi’s P737D is smaller than most inflators, boasting an ergonomic pistol grip handle for easy use and transport. Keep it in the back of your truck! Strap it to your bicycle!
SAVE MONEY AND TIME spent on p"
88808_B06X1CHFJ5,88808,B06X1CHFJ5,router table without router,"Tenda AC1200 Dual Band WiFi Router, High Speed Wireless Internet Router with Smart App, MU-MIMO for Home (AC6),Black",Tenda,"Get lightning quick connections for all your wireless devices by upgrading to Tenda's enhanced 1200 Mbps high speed Wi fi technology (300mbps at 2. 4GHz plus 867Mbps at 5GHz)
Link up to 20 wireless devices like the Google assistant, Alexa and various steaming devices, simultaneously, while maintaining optimum network conditions
4 omni directional antennas with beamforming and Mu Mimo technology, d"
109347_B000EVEL1O,109347,B000EVEL1O,wahl sterling 4,"Wahl Professional Detachable Snap-On Blade for the Beret, Echo, Sterling MAG, and Sterling 4 Trimmers for Professional Barbers and Stylists – Model 2111",Wahl Professional,"PROFESSIONAL PRECISION: From Wahl Professional's commercial grade line of products, the Detachable Snap on Blade delivers the sharp performance that experts demand
DETACHABLE BLADES: Detach feature allows for easy maintenance and replacement, blades are not adjustable to a zero-overlap, intended for professional use only
FITS YOUR FAVORITES: This blade is designed to fit the Wahl Professional Bere"
107018_B07TFGT3RG,107018,B07TFGT3RG,unsolved case files game,Cold Case Crackers | Murder Mystery Game | Addenberg Train Bomber Case | Can You Crack The Case?,Cold Case Crackers,COLD CASE CRACKERS ALLOWS YOU TO TAKE THE ROLE OF A DETECTIVE TEAM. You will try to crack a case that was never solved. This is the Addenberg Bomber Case - This fictional case is of a train bombing outside the city of Addenberg. The bombing took place in 2003 and with no leads the case went cold and the unknown subject responsible for the gruesome attack has escaped justice. You job is to sift thr
93875_B01NCZWP20,93875,B01NCZWP20,size 15 women silver bling shoe,"Cape Robbin Maria-2 Clear Chunky Block High Heels for Women, Transparent Strappy Open Toe Shoes Heels for Women - Rose Gold Size 8",Cape Robbin,"SIZE UP for best fit!
CHUNKY HEEL: Stand tall in confidence with our 4 inch block heel. (heel measured from the bottom of the shaft)
CLASSIC TOE: Show off your pedicure with a sexy open toe!
ANKLE STRAP: An adjustable ankle strap wraps around the front of the ankle and secures to the side for a graceful finishing touch.
VERSATILE: Whether it be a formal evening or early afternoon brunch, these hee"
48658_B07VR8HC4X,48658,B07VR8HC4X,halloween white top hat,Small Top Hat Black Veil Hair Clip Feather Flower Decor Top Hat Hair Accessories for Masquerade Halloween,LEORX,"Material: High-quality smooth cloth material makes it look elegant, and the embellishment of net yarn and feathers makes this small hat more unique.
Retro Style. The gothic black little top hat with classic red rose decoration makes it look more attractive and cute. Perfect for your party dress.
Hair Clip design. There are 2 duckbill clips at the bottom of the hat, which can help fix the hat on th"
20519_1551432331,20519,1551432331,bull power tablets,Bull Rider (Orca Soundings),Orca Book Publishers,
1415_B01IOBYCEG,1415,B01IOBYCEG,100 pclight up favors bulk without finger lights,"JOYIN 60Pcs LED Glow in the Dark Toys, Light Up Party Favors with 44 LED Finger Lights, 12 LED Flashing Bumpy Rings and 4 Flashing Slotted Shades Glasses, Halloween Party Supplies for Kids and Adult",JOYIN,"44 LED Finger Lights. Super Bright in 4 Colors (Blue, Green, White and Red). Finger Lights Designed with Elastic Strap for Any Fingers, Pens or Other Objects.
4 Kanye West Style LED Slotted Shades Glasses. 4 Colors (Blue, Green, White and Red). 3 Modes: Fast Flashing, Slow Flashing, and Constant.
LED Light Up Party Bag Fillers are Great for Concert, Night Activities, Weddings, Birthdays Party, Mar"
38174_1259708799,38174,1259708799,essential of life span development 6th edition,Essentials of Life-Span Development,McGraw-Hill Education,
53741_B088D63KWX,53741,B088D63KWX,ios cable,SHARLLEN iPhone Cable MFi Certified Lightning Charger 5Pack 6FT Nylon Braided iPhone Charging Cord Fast W 6Feet USB 6Foot iPhone Data Wire Compatible iPhone12/11 Pro/XS/XR/X/8/7/6/iPad/iPod/IOS Black,sharllen,"[What you get]: MFi certified 5 pack 6Feet iPhone charger cable [6FT/6FT/6FT/6FT/6FT] for different occasions.Wherever the length (6foot =1.8 meters) of lightning charging cables meet your needs at any time. The iPhone charging cable supports considerate customer service.Replace your phone accessories cords or add another for home, work or travel.If the product has quality problems, we are willing"
20623_B07ZQG2MQK,20623,B07ZQG2MQK,bunn reusable coffee filter 12 cup,Nicelucky Bunn coffee filter reusable 8 10 12 cup basket replacement filter-stainless steel Permanent coffee filter Suitable for BUNN coffee brewer,nicelucky,"【Original Taste】 BUNN Reusable Coffee Filters can help you brewing a thermo fresher and smooth coffee as you need.Permanent basket replacement filter can replace your paper filters.This reusable coffee filter can keep the coffee natural oils and flavors entirely.
【Eco-Friendly&Save Money】 The reusable filter was made of food grade stainless steel and with flat bottom.Safe and hygienic.Never deform"
8777_B07VN4ZQ3N,8777,B07VN4ZQ3N,american express black card,"Inktuitive 'American Express' Inspirational Wall Art | Scrooge McDuck X Amex Wealth Canvas Print | Motivational Décor for Bedroom, Living Room & Business Office | 40 x 30 Inches",Inktuitive,"★AMERICAN EXPRESS PREMIUM DESIGN: Clearly, money is freedom. It may not buy happiness, but hey … it sure helps! Wherever one needs to go, that gold card takes you there. Living is easy when you’re an elite duck. Showing off his fortune, Donald inspires millennials to live large, take risks, and carve their own success.
★ DURABLE CANVAS: Your canvas will never rip or tear and is handmade using a so"
31520_B07ZG4W5GX,31520,B07ZG4W5GX,dank tank,Dank Tank Holy Meme Bible: Final Prophecy (2019 Edition),Dank Tank,"From the creators of the Ramen Noodle Condoms and Send Nudes bath bomb, the Holy Méme Bible returns again this year with 60 pages of unique activities covering the most iconic internet topics and viral memes of 2018. This year's bible features all new activities such as drawing your last two brain cells, confessing your love for your FBI agent, creating your own Soundcloud Rapper, and many more. H"
113375_B07LCGMVFP,113375,B07LCGMVFP,womens vintage polka underwire high waisted,"Angerella Red High Waisted Bikini Two Piece Underwired Swimsuits Beach Swimwear, M",Angerella,"♥MATERIALS: imported 82%Nylon+18%Spandex. Smooth fabric, stretchy, durable, quick-drying, pro-skin, make it easy to full on and very comfortable to wear.
♥VARIOUS STYLE FOR YOU SELECTED:This bathing suit top with thick, soft& adjustable halter straps/shoulder straps,underwired cups,Make you sexy,fashion and sute.
♥HIGH WASITED RUCHED BIKINI BOTTOMS :Vintage printed swim bottom has tummy control ef"
50617_B083FYGP1F,50617,B083FYGP1F,hiking gear for adults,"arteesol Kids Bike Helmet, Toddler Helmets for 2-8 Years, Adjustable Kids Helmets for Girls Boys, Skateboard Helmet for Kids, Child Helmet for Balance Bike Multi-Sport Cycling Skating Scooter",arteesol,"【IMPACT RESISTANCE】: The child helmets are constructed from high impact ABS material which can withstand more impact. The EPS foam inner will also help to absorb the impact and protect the head during crash. By wearing the arteesol kids helmets, you don’t need to worry the head injuries whenever your children are outdoor riding bike, scooter or skating. Your littles will stay away from danger.
【SA"
74705_B00822Y04U,74705,B00822Y04U,numi white rose tea,"Numi Organic Tea Numi's Collection Variety Pack, 16 Count Box of Tea Bags - Black, Green, White, Pu-erh, Mate, Chai, Rooibos & Herbal Teas (Packaging May Vary)",Numi,"SAMPLE OUR MOST POPULAR TEAS & TISANES: Numi's Collection variety pack allows you to sample an assorted mélange of teas. Featuring an assortment of 16 of our most beloved organic teas blends and tisanes.
SAMPLER PACK: This assorted collection of Numi Organic Tea Blends is the perfect gift for any tea lover in your life. Contains teas from all caffeine levels & a wide range of flavors.
BAGGED TEA: "
114106_B01KI4EMQA,114106,B01KI4EMQA,wsu scrapbook paper,"Colorbok Designer Paper Pad, 12"" x 12"", Mint Julip",Colorbok,"Designer paper
Multi-colored
12 inches x 12 inches"
68736_B010PEM0GC,68736,B010PEM0GC,mickey mouse socks unise,"Crocs Unisex Men's and Women's Classic Clog, Lemon, 8 US",Crocs,"CROCS FOR EVERYONE: With a color and style for every personality, the Classic Clogs are the Crocs women and men need to start a comfort revolution around the world
LIGHTWEIGHT AND FUN: The Crocs for men and women feature lightweight Iconic Crocs Comfort. Ventilation ports add breathability and help shed water and debris quickly
WHAT SIZE SHOULD I BUY.: These men's and women's Crocs offer a roomy f"
88842_B01MSBQB1P,88842,B01MSBQB1P,roy's gift card,$100 Visa Gift Card (plus $5.95 Purchase Fee),Visa,"This card is non-reloadable. No expiration of funds. No cash or ATM access. Cards are shipped ready to use.
This card can be used in the U.S. only, online or in stores, where Visa debit cards are accepted. Your Amazon.com Balance cannot be used to purchase Visa gift cards.
A one-time $5.95 purchase fee applies at the time of purchase. No fees after purchase (including dormancy, service or other fe"
61084_B073V9R1GG,61084,B073V9R1GG,ledge lounger in-pool chaise,"Ledge Lounger in-Pool Chaise Lounge for 0-9 in. of Water (Set of 2, White)",Ledge Lounger,"IN WATER use for ledges 0-9” deep. Do not use in water deeper than 9” (for deeper water, use our Chaise Deep)
HIGH QUALITY, UV RESISTANT materials (UV16 rated) that withstand 16,000 hour of direct overhead sunlight, as well as the water, weather, and other harsh elements of the outdoors
COMPATIBLE with all pool types, including vinyl
EASY INSTALLTION using threaded plug system that allows the ligh"
72355_B004PVR6V6,72355,B004PVR6V6,natural hair relaxer without chemicals,"FoliGROWTH Ultimate Hair Nutraceutical – Get Thicker Hair, Reverse Diffuse Thinning Guaranteed - Gluten Free, Vegetarian, 3rd Party Tested - High Potency Biotin, Hair Loss Supplement, Hair and Nails",Advanced Trichology,"THICKER HAIR GROWTH, HAIR LOSS TREATMENT, GROW FULLER HAIR, and AGING SUPPORT for SKIN and Nails: uses patented ingredients like Opti MSM and clinically developed cellular support with 5000mcg of Biotin, Saw Palmetto, Hyaluronic Acid, Choline, Silica, Vitamin C, and 2000iu Vitamin D3. 28 herbs and vitamins.
GLUTEN FREE EXTRA STRENGTH HAIR LOSS SUPPLEMENTS and VEGETARIAN FORMULA ACCELERATES Thicker"
70525_B086244MP5,70525,B086244MP5,montana canvas tent,"TETON Sports Sierra 12 Canvas Bell Tent; Waterproof 6 Person Family Camping Tent, Brown, New Sierra 12 Canvas Tent/ 12' x 12' (2012)",TETON Sports,"STAY DRY AND COMFORTABLE: Waterproof canvas is breathable for the best all-season protection and airflow; Finally, a dry, comfortable family camping experience; Footprint sold separately
2-IN-1 TENT OR CANOPY: The Sierra Canvas Tent has a removable floor so you can enjoy either a full tent or a stylish canopy; Simply stake out your tent and put the center pole and door assembly up
HOME AWAY FROM H"
80839_B00X1AOO7G,80839,B00X1AOO7G,plane costume for boys,"Aeromax Jr. Fighter Pilot Suit with Embroidered Cap, Size 4/6. Olive (Military) Green",Aeromax,"REALISTIC DESIGN loaded with details: embroidered patches, zippers, and pockets to look and feel like the real deal.
INCLUDES one flight jumpsuit complete with patches, zippers, and pockets, and embroidered ""ACE"" cap
AVAILABLE in mulitple sizes: 2/3, 4/6, 6/8, and 8/10.
EXCEPTIONAL QUALITY for hours of fun role play, pretend play, or Halloween. Machine washable for use again and again.
GREAT FUN f"
46383_B08L3SW7Z4,46383,B08L3SW7Z4,gold curb chain set,9 PCS Gold Chain Necklaces and Bracelets Set for Women Girls Dainty Handmade Cuban Snake Chain Link Paperclip Choker Bracelet Jewelry for Fesitval Gifts,17KM,"【Different Styles】: This set combines 6 pcs gold dainty chain necklaces and 3 pcs chain bracelets to go with any outfit you have, such as the simple cuban herringbone chain, curb paperclip link with lock, star and coin choker, flat snake chains bracelet and other dainty jewelry style. Each jewelry can be worn seperately or together for a layered look with other chains. It is an easy accessory that"
101108_B0779GZQHB,101108,B0779GZQHB,teardrop trailer door,"ToughGrade Products 55"" Cam Bar Lock Assembly Side Door Enclosed Trailer",ToughGrade Products,"55"" Inch
Zinc Plated Steel
Universal Mount Can be mounted on left or right side
No Mounting Hardware you will need to provide screws and caulk/putty.
Hasp Keeper for use with padlock (padlock not included)"
53171_B0744PTT8F,53171,B0744PTT8F,infant hats boys 0-3 months,"Simple Joys by Carter's Baby 4-Pack Pant, Gray Stripe, 0-3 Months",Simple Joys by Carter's,"Four pairs of pants in baby-soft cotton with ribbed cuffs
Covered elastic waistbands
Trusted Carter’s quality, everyday low prices, and hassle-free packaging"
115762_B07RN64P2R,115762,B07RN64P2R,ziplock storage bags vacuum,"Amazon Basics Vacuum Compression Storage Bags with Hand Pump - Jumbo, 6-Pack",Amazon Basics,"Set of heavy-duty plastic vacuum compression storage bags
Compress bulky textiles, clothing, linens, and more at an 80% size reduction
Protects items from moisture, dirt, odors, and more
Hand pump included, or connect to any standard vacuum cleaner hose for faster results
Heavy-duty valve and double seal zipper for air tight protection"
48017_B07RN9BLM4,48017,B07RN9BLM4,gummy bear plush,"Toysmith Jumbo 5-1/2 inch Squishy Stretchy Bear, Assorted Colors, Multi (7139)",Toysmith,"Stretch and squish the ginormous non-edible gummy bear.
He stands 5-1/2 inches tall.
Always returns to its original shape.
Assorted colors - colors shipped at random.
Recommended for age 3 years and up."
40609_B07M5TPM8Q,40609,B07M5TPM8Q,first christmas without you,"Kinetic Sand, Sandisfying Set with 2lbs of Sand and 10 Tools, for Kids Aged 3 and Up",Kinetic Sand,"Kinetic Sand, Sandisfying Set with 2lbs of Sand and 10 Tools, for Kids Aged 3 and Up"
112029_B082PTCH1H,112029,B082PTCH1H,winter outdoor work clothes,"STRIPELAND Women's Sleepwear, Casual Comfortable Soft Basic Daily Wear Work Indoor Outdoor Workout Sports Office Short Sleeve Summer Solid Classic Loose Fit Blouse, 2 Pk White+Army Green L",STRIPELAND,"SOFT & COMFORT: Solid Color & round neck/V-neck & short sleeve design. This tee is high quality, soft, loose fit, stretchy, lightweight, comfortable and breathable and great to wear all day. Fashion cute loose t shirt for Women/Junior Teen Girls. A wardrobe must-have, this V-neck/round neck tee features a comfortable rayon blend and a shirttail hem for easy, everyday wear.
CLASSIC FASHION: Great f"
27439_B001SBAH94,27439,B001SBAH94,coffee sugar free syrups pump,"Torani Sugar Free Classic Hazelnut Syrup, 12.7 oz",Torani,"Sugar Free Classic Hazelnut Syrup: A perfect balance of sweet and earthy, this keto friendly syrup is true to a traditional hazelnut liqueur with no alcohol; Zero sugar and zero calories, add a splash to lattes, cold brew, frozen blended drinks and more
Skip The Extra Calories: Enjoy drinks, desserts, and other treats made with our Sugar Free syrups, sweetened with sucralose and naturally fat free"
63372_B07PPQM797,63372,B07PPQM797,lol surprise dolls omg lady diva,L.O.L. Surprise! Furniture Salon with Diva & 10+ Surprises,L.O.L. Surprise!,"L. O. L. Surprise Furniture includes 10+ surprises, including furniture for L. O. L. Surprise House.
Salon includes salon chair, fabulous vanity and beauty accessories.
Rereleased Series 1 doll Diva included.
Box folds out to become a playset for L. O. L. Surprise dolls
Collect 4 styles"
25808_B00005OACK,25808,B00005OACK,chris thile not all who wander are lost,Not All Who Wander Are Lost,,NOT ALL WHO WANDER ARE LOST
98046_B00PSSG4UO,98046,B00PSSG4UO,stet game,Stet: An Editor's Life,,"<b>A New York Times Notable Book: This memoir of a career in book publishing “should please anyone who cares about twentieth-century literature” (<i>The Washington Post Book World</i>).</b><br />  <br /> For nearly five decades, Diana Athill edited (nursed, coerced, coaxed) some of the most celebrated writers in the English language, among them V. S. Naipaul, Philip Roth, John Updike, Jean Rhys, M"
50526_B01DTZV6YQ,50526,B01DTZV6YQ,high rise shorts for women,Haola Women's Juniors Vintage Denim High Waisted Folded Hem Jeans Shorts Light Blue S,Haola,"Available In Regular Size, Pls Choose The Size As You Usually Wear (Note:The Generic Amazon Size Chart Is Not Our Size)
Material: Demin, 100% Cotton - Stretchy
Waist Type :High Waist Types :Shorts Color :Blue Material :Denim Style:Fashion Fit Type
Hand Wash/Machine Wash
Size larger than normal,Measurements: Small: Waist: 26"", Hips: 34"", Thigh:21 "", Length: 14"" Medium: Waist: 28"",Hips: 36"", Thigh: "
110147_B087TC7DFS,110147,B087TC7DFS,waterproof lightweight gloves,"Garden Genie Waterproof Gloves,Quick&Easy to Dig&Plant Plants,Gift for Gardeners",Schine,
62321_B06XNJT6MJ,62321,B06XNJT6MJ,light purple heart stickers,"Hybsk Red Love Heart Stickers Color Coding Dot Labels 1.5"" Adhesive Label 500 Per Roll (Red)",HYBSK,"1.5""(38MM) Heart | 500 Heart Stickers on a Roll
Natural Paper Stickers with Red Color Print
Packing lables, Seal Envelope, Product,Boxes and Bags. Great For Envelope Seals, bakery, Crafts, Wedding or Birthday Thank you Stationary
Standard Permanent Adhesive
Easy Peel and Stick"
9757_B087C5GK23,9757,B087C5GK23,apple pen,Stylus Pen for iPad Compatible with Apple Pencil 2 Generation for iPad/Pro 2018/2019/2020 with Palm Rejection White,Doboli,
65439_B0868FKNTN,65439,B0868FKNTN,mandrel tube benders,"ICOOL Tubing Bender Kit Hand Tool 1/4 to 7/8 Inch for Soft Copper Aluminum HVAC Refrigeration System Maintenance, with Tube Cutter",ICOOL,"【Suitable Size】7 exchangeable tube bender heads with ball-dent feature size: 1/4"", 5/16"", 3/8"", 1/2"", 5/8"", 3/4"", 7/8"", which are made of aluminum alloy, more durable and sturdy than plastic's.
【Marked Feature】This is a ""ratchet crossbow"" style tube bender that is ideal for easily bending soft copper and aluminum tube up to 90 degrees.
【Nice set】The package includes a pipe cutter with reamer and e"
17011_B08T1YQTNZ,17011,B08T1YQTNZ,bladeless fan without filter,"Air Choice Bladeless Tower Fan - 43'' Quiet Cooling Fan w/ 3 Modes 3 Speeds 7.5H Timer, 70° Oscillating Fan with Remote Standing Fan for Whole Room Floor Fan for Bedroom Office Home Kitchen White",Air Choice,"❄【Powerful Cooling & Super Quiet】Born for Cooler Summer,Air Choice oscillating bladeless tower fan blows cold air to your whole room. With the features of a powerful motor and strong convection technology, Air Choice oscillating tower fan with remote will bring you a cooling wind as well as a super QUIET condition while working under the SLEEP mode.In this Summer, enjoy an undisturbed and comforta"
83886_B087RK4VDX,83886,B087RK4VDX,ps3,"PS3 Controller Wireless for Playstation 3 Dual Shock (Pack of 2,Black)",Kolopc,"Ergonomic Design Handle: The most classic shape controller for PS3 perfectly fit palms, all the buttons and controls make your hand very comfortable for long periods of gameplay. It must be a big surprise when your kids or your friends receive these beautiful Gamepads.
Rechargeable Battery: Built-in 500 mAh Rechargeable lithium battery is so powerful that ensure hours of fun game.Joystick for PS3 "
35370_B072KFVMWB,35370,B072KFVMWB,dream pairs flats for women,DREAM PAIRS Women's Terran Black Mid Calf Built-in Wallet Pocket Lace up Military Combat Boots -10 M US,DREAM PAIRS,"Design in USA
Rubber TPR outsole, Faux fur lining
Heel Height: 1"", Platform Measures: 0.5""(approx)
Military-inspired combat boots
Top opening circumference: 11.5"" (approx)"
35126_B012Y5NI1Q,35126,B012Y5NI1Q,dr brandt needles no more baggage,"Bellaterra Cosmetics BB Cream Tinted Moisturizer, Mineral Foundation, Concealer, Anti-Aging, Natural Sun Protection, All Shades 1.69oz - Medium 104",Bella,"Bella Terra Satin Touch Mineral BB Cream
3-in-1 BB Cream acts as your daily moisturizer, foundation, and concealer
1.69oz/50ml"
11248_B08KXW6WV6,11248,B08KXW6WV6,autell evo 2 hard case,"Autel Robotics EVOII Intelligent Flight Battery Replacement for EVOII, EVOII Pro, EVOII Dual All-Series Drone Quadcopter (82Wh, 7100mAh Capacity, 11.55V High-Performance Li-Po Smart Battery)",Autel,"【EVO II Intelligent Flight Battery】: Compatible with Autel Robotics EVOII, Autel Robotics EVOII Pro and Autel Robotics EVOII Dual.
【High-performance Lithium Polymer Cell + Laminated Cell Technology + High-temperature Cell】: The Autel Robotics Intelligent Flight Battery has a capacity of up to 7100mAh. The cells is powered by laminated cell technology, which greatly reduces the internal resistance "
19011_B0855RBTMG,19011,B0855RBTMG,bows for wreaths indoor xlarge,Meikosks Women's Long Sleeve Cold Shoulder Blouse Leopard Printed Tops Fashion T Shirt,Meikosks,Color Block Long Short Sleeve T Shirt Casual Round Neck Tunic Tops Women's Stretch Cotton Raglan Sleeve Tee Womens Scoop Neck Short Sleeve Tee Tops Cotton T Shirts for Summer Women's Solid Short Sleeve Boat Crew Neck V Neck Dolman Top XS 23XL Plus Size Women's Casual Round Neck Loose Fit Short Sleeve T Shirt Blouse Tops Women's V Neck Long Sleeve Tee Round Neck Triple Color Block Stripe T Shirt Wo
59323_B007ILYINE,59323,B007ILYINE,la creuset spoon rest,"Le Creuset Silicone Round Cool Tool, 8"", Marseille",Le Creuset,"For use as a surface protector, potholder, anti-skid mat, or jar opener
Made from stain-resistant, non-abrasive silicone
Resists odor and flavor absorption; great for everything from staging to serving
Freezer-, microwave-, and oven-safe up to 482-degrees F; dishwasher-safe
Measures 8 x 8 x 0.3 inches"
2303_B00NW9KL7I,2303,B00NW9KL7I,177 alloy pellets for air rifle,"Haendler & Natermann PY-P-734H&N Silver Point Pointed Airgun Pellets .177 Caliber / 11.57 Grains, (500 Count), Gray",Haendler & Natermann,"Excellent for hunting / High penetration
Content: 500 air gun pellets
Pellet Caliber/Weight: . 177 / 11. 57 Grains
For air pistols / rifles with a minimum muzzle energy of 12 ft. lbs
Screw-on lid prevents accidental pellet spills"
23365_B0897L25LZ,23365,B0897L25LZ,carrot ball,Pet Grass Ball Rabbit Guinea Pig Grass Ball Molar Grass Ball Pet Supplies Carrot Grass Balls,YQX,"❤Product Name: Handmade natural grass cake
❤Product size: diameter 3cm
❤Material: grass powder, natural fruit and vegetable petals, etc.
❤100% new high quality
❤Taste: carrot grass ball,calendula grass ball"
6298_B07GM2TCPM,6298,B07GM2TCPM,acer chromebook r 11 convertible laptop cover,"Acer Chromebook 15, Intel Celeron N3350, 15.6"" Full HD Touch, 4GB LPDDR4, 32GB Storage, Google Chrome, Pure Silver, CB515-1HT-C2AE, 15-15.99 Inches",Acer,"Chromebook runs on Chrome OS: An operating system by Google that is built for the way we live today. It comes with built in virus protection, updates automatically, boots up in seconds and continues to stay fast over time. (Internet connection is required)
All the Google apps you know and love come standard on every Chromebook, which means you can edit, download, and convert Microsoft Office files"
113088_B01DTXOETM,113088,B01DTXOETM,womens mad hatter costume black and white,"California Costumes Boys Mad Hatter Child Costume Black/White, Medium",California Costumes,"100% Polyester
Includes: Jacket, Patns, Bow Tie, Hat And Hat Card
Not Included: Socks And Makeup
Package Dimensions: 34.29 L X 7.62 H X 41.656 W (Cm)"
92635_B07M8SJHWT,92635,B07M8SJHWT,shirts for young adults women,"Gildan Kids DryBlend Youth T-Shirt, 2-Pack, Red, X-Large",Gildan,"Moisture wicking dry blend technology
Seamless double needle collar
Taped neck and shoulders for durability
Double needle sleeve and bottom hem
Tubular fit for minimal torque"
10565_B07T4FC87V,10565,B07T4FC87V,artificial plants indoor large,Fopamtri Artificial Areca Palm Plant 5 Feet Fake Palm Tree with 17 Trunks Faux Tree for Indoor Outdoor Modern Decoration Feaux Dypsis Lutescens Plants in Pot for Home Office Perfect Housewarming Gift,FOPAMTRI,"ALL YEAR ROUND DECOR: Carefully crafted to mimic the appearance of a real-life areca palm,looking as close to reality as possible, perfect for any room or office decor,this palm tree will let you feel the presence of nature. All seasons are green.
FREE MAINTENANCE: Always forget watering your lovely plant? Tired of dead plants?Try this! Impossible to kill artificial yellow palm. No need to water i"
2062_B009AGAAZK,2062,B009AGAAZK,13mwz wrangler cowboy cut original fit jean,"Wrangler mens 20x No. 42 Vintage Boot Cut jeans, Light Blue, 36W x 32L US",Wrangler,"SLIM FIT. These vintage-style bootcut jeans are constructed with a slimmer fit through the seat, thigh and leg for a tailored look. This jean sits lower on the waist for a comfortable fit.
VINTAGE STYLING. Vintage finishing has an instant broken-in appeal. These men's 20X jeans offer a classic look complete with signature Vintage finishes. Dressed up or down, these bootcut jeans have a contemporar"
35528_B01MXE8MYR,35528,B01MXE8MYR,drill puzzle for kids,Drill & Play Creative Educational Toy with Real Toy Drill - Mosaic Design Building Toys Tool Kit,Big Mo's Toys,"#1 Best Educational Building & Design Toy
Drill & Play Construction Tool Kit Supports STEM Learning! Builds Kids’ Coordination, Creative Thinking Skills, Imagination And Fine Motor Skills. Great For Preschool Activity & Home Activity.
Little Ones Can Construct And Build Custom Designs With Quality Durable Plastic Tools.
Includes: Kid Safe Power Drill, Multi Colored Mosaic Boards, Multi Colored Scr"
25110_B07V1W84HP,25110,B07V1W84HP,cheap sexy lingerie for women under 5 dollars,YKARITIANNA Lingerie Plus Size Teddy Women Sexy Lingerie Conjoined Underwear Nightwear Sleepwear Bodysuit Temptation Black,YKARITIANNA Underwear,
89705_B0741VRGQJ,89705,B0741VRGQJ,sailcloth watch strap,"Archer Watch Straps - Premium Nylon Quick Release Replacement Watch Bands for Men and Women, Watches and Smartwatches (Olive, 18mm)",Archer Watch Straps,"CHOOSE THE RIGHT SIZE — With three width options, our straps fit most watches and smartwatches. Just make sure to choose the right size for your watch or it WILL NOT FIT. Measure your watch's lug width in mm (see illustration in the pictures section for how to measure), check your watch manufacturer's website for your watch's specs, or see our list of smartwatch widths in the product description b"
14177_B07N1FXB9T,14177,B07N1FXB9T,beach riot leopard bikini,"UOKNICE Swimwear for Womens, Summer Beach Bandeau Bandage Set Push-Up Brazilian Beachwear Tankini Bikini Dare Contest Competition Babes Body riot Costume Sale on Designer Black",UOKNICE WOMENS-SWIMSUITS,designer swimsuits leopard bikini d cup swimwear high neck swim top triangle swimsuit bikini websites bathing suit dress bikini stores strappy swimsuit women in swimsuits strapless bathing suits fringe swimsuit swimwear stores strappy bikini top black swimsuit top women in bathing suits halter swim top unique bathing suits fashion swimsuits crop top bathing suit cute cheap swimsuits ruffle bikini 
104485_B08L9Y1W9S,104485,B08L9Y1W9S,toxozers,"Electric Bike for Adults, VIVI Folding Electric Mountain Bicycle Adults 26 inch E-Bike 350W Motor Professional 21 Speed Gears with Removable 36V 8Ah Lithium-Ion Battery",Vivi,"【 FOLDING ELECTRIC BIKE DESIGN】：The adult folding electric mountain bike adopts ultra-lightweight yet strong aluminum alloy frame can quickly fold and store in the trunk of the car or at home，Equipped with 26-inch standard tires,Easy to carry, you can start your cycling trip at any time.Equipped with adjustable seats, handlebars, handlebars and removable batteries, it can adapt to people of differ"
712_B092QWB2WF,712,B092QWB2WF,1 cup measuring cup without handle,"3 Pack 4/2/1 Cup Plastic Measuring Cups Set,Clear Measuring Jug Set,Plastic Measuring Cup Set with Handle Grip and Spout for Baking,Powder,Liquid",Yvjnxxan,"Package Includes:Contains three different sizes of plastic measuring cups set,can meet most cooking and baking needs.
Humanized Design:The transparent wall of the clear measuring jug set can clearly see the objects in the cup,and there are scales on both sides of the cup,allowing you to easily grasp the amount of ingredients required when cooking.
Easy to Use:The inclined handle of the measuring c"
51699_B076JXW7D6,51699,B076JXW7D6,hp envy shell,"HP Envy 17t Touch Quad Core (8th Gen. Intel i7-8550U, 16GB DDR4, 256GB NVMe SSD, NVIDIA GeForce 4GB GDDR5, 17.3"" FHD IPS WLED, DVD Writer, Bluetooth, Windows 10) - Bang & Olufsen Power PC",HP,"8th Gen Intel Core i7-8550U (1.8 GHz, up to 4 GHz, 8 MB cache, 4 cores), NVIDIA GeForce MX Series Graphics (4 GB GDDR5 dedicated) Graphics
17.3"" diagonal FHD IPS WLED-backlit multitouch-enabled edge-to-edge glass (1920 x 1080) Touchscreen Display
Windows 10 home 64
HP Wide Vision FHD IR Camera with Dual array digital microphone (Touchscreen)
Full-size island-style backlit keyboard with numeric key"
9011_B071WL718C,9011,B071WL718C,and1 shorts for men,"Nike Men's Dry Training Shorts, Black/Black/White, Large",Nike,"NIKE SHORTS: These Dri-FIT shorts for men keep you dry and comfortable when active. Take training to the next level with sweat management technology and motion vents that allow you to move freely. Mesh pockets provide breathable storage and side inset mesh enhances ventilation.
MEN'S ATHLETIC SHORTS: Can be used cross functionally as men's gym shorts. Embroidered Nike Swoosh trademark on the men's"
112417_B07N55YRM6,112417,B07N55YRM6,woman's watches gold,"Yeyamei Women's Watches,Luxury Casual Ladies Quartz Wristwatches Stainless Steel Wristwatch Fashion Classic Dress Business Analog Wrist Watch Gift for Women",Yeyamei_Watches,"⌚ Comfy Wear:high quality wrist watch band makes it comfortable wear. 100% brand new ♥♥
⌚ Durable and Comfortable: Imported movement and battery; High quality durable mesh band ♥♥
⌚ Fashionable, verycomfortable wearing charming for all occasions ♥♥
⌚ Package Content:1 x Wrist Watches ♥♥ Best Gift for Men/Husband/Boyfriend/Dad for Women/Wife/Girlfriend/Mom ♥♥
⌚ Customer Survice:Dear, if you have an"
26981_B00U2T6SQ4,26981,B00U2T6SQ4,clorox toilet wand,"Clorox ToiletWand Disinfecting Refills, Disposable Wand Heads, blue Original, 30 Count",Clorox,"TOILET BOWL CLEANER: Clean and disinfect with Clorox ToiletWand refills that kill 99.9% of bacteria and viruses while leaving your toilet sparkling clean
DISPOSABLE SPONGES: These toilet scrub pad refill heads click onto the ToiletWand to swish, scrub and clean the toilet bowl and conveniently pop off to throw in the trash
DISINFECTING CLEANER: Preloaded with Clorox cleaner, these disposable scrub"
114106_B095S77TJM,114106,B095S77TJM,wsu scrapbook paper,"VONDYU Single-Sided Scrapbook Paper Pad-Colors Mixture Scrapbooking Paper Collection Holiday 6"" x 6"" Cardstock Patterned Cardmaking Paper Pack DIY Photo Frame Background Decorative Page-24 Sheets",VONDYU,"➤ [ Colorful Scrapbook Papers ]: THIS scrapbook paper collection is named ""Mixture"", the patterns are colorful and rich in layers, symbolizing self-confidence, brilliant life, hope, and desire.
➤ [ 12 Designs ]: A variety of colors collide together, 12 different simple and beautiful designs, 2 sheets for each design, 24 sheets in total. This beautiful pack of scrapbook paper is great for unique cr"
50987_B001D78PCE,50987,B001D78PCE,home gym 200lb stack,"Marcy Smith Cage Workout Machine Total Body Training Home Gym System with Linear Bearing Md-9010G, Silver (MD-9010)",Marcy,"All-steel construction – This home gym system is made with heavy-duty steel frame reinforced with durable powder coated finish. It utilizes sturdy aircraft cable With a tensile strength of 2, 000 lb. That’s guaranteed to withstand intense long-lasting use
Multi-functional press arms – this versatile weight system home gym is designed with dual Action press arms. The press arms allow you to perform"
61178_B07KSDZV4M,61178,B07KSDZV4M,legends ultimate arcade,Quarter Arcades Official PAC-Man 1/4 (17 Inches Tall) Mini Arcade Cabinet by Numskull – Playable Replica Retro Arcade Game Machine – Micro Retro Console,quarter arcades,"️ PLEASE NOTE: This is a 1/4 scale replica arcade cabinet, NOT a full size cabinet. Measures: 16.9 inches tall by 8.26 inches deep by 6.29 inches wide
️ High-quality Replica Arcade: Measuring one quarter of the size of the original PAC-MAN retro arcade machine, this is one of the most high-quality mini arcade machines available on the market. Featuring original PAC-MAN artwork, real premium high-q"
85589_B07GBRV9Q9,85589,B07GBRV9Q9,raptor fender,Justautotrim Honeycomb Front Bumper Bottom Fog Vent & Side Fender & Headlgiht Chrome Cover Trim for 2016 2017 2018 2019 2020 Ford F150 Raptor Accessories (Front Fog Vent Black),Justautotrim,"Fit well for 2015 2016 2017 2018 2019 2020 Ford F150 Raptor only Front bumper bottom Fog Vent black color honeycomb Cover trim
This item was Black trims for upgrade out look for your F150. it was not the replacement part.
Material : Made of ABS plastic
Include : 1pcs
This item Design for Upgrade Appearance and Provide additional protection For your Vehicle"
87770_B07FQ6SDKY,87770,B07FQ6SDKY,ring wifi extender,Ring Alarm Range Extender (1st Gen),Ring,"Ring Alarm Range Extender expands the reach of your Ring Alarm Base Station to your Ring Alarm components by an additional 250 feet.
Easy setup in minutes—without tools or professional installation. Requires Ring Alarm Security System (sold separately).
Manage Ring Alarm Range Extender and other Ring products with the Ring app.
Plugs into standard power outlets and includes a 24-hour backup batter"
23173_B07PJ654MK,23173,B07PJ654MK,carhart girls chore coat,Wantdo Women's Warm Snowboarding Coat Waterproof 3-in-1 Ski Jacket Hooded Puffer Windbreaker Ivory L,Wantdo,"Warm & Comfortable - Enjoy snug ski jacket for women no matter where you go. This snow jacket for women is made with anti-water, grease, and 75D*150D poly pongee fabric. It retains body warmth while keeping sweat out and easier to clean.
Versatile 3 in 1 Ski Jacket - Choose from 3 ways to wear this winter coat for women. Wear all the layers together, just the waterproof layer to protect against ra"
7839_B0759J2NDC,7839,B0759J2NDC,alesis forge drum kit,Alesis Multipad Clamp | Universal Percussion Pad Mounting System With 15-Inch Boom Arm and Ball / Joint Socket for Ultimate Positioning,Alesis,"Upgrade Your Kit – Add the power of pad based sample playback devices with seamless mounting to traditional drum hardware
Universal Compatibility – 5.75 clamp accommodates any standard drum hardware stand
Perfect Playing Angle – Robust ball and socket joint for optimal angling to suit your preferred playing style
Meet Your Next Percussion Pad – Fully compatible with Alesis’ SamplePad, SamplePad Pr"
106563_0385742525,106563,0385742525,unbroken by laura hillenbrand,Unbroken (The Young Adult Adaptation): An Olympian's Journey from Airman to Castaway to Captive,Ember,EMBER
10329_B07T1Q7YMS,10329,B07T1Q7YMS,arm stimulator for women,Abs Stimulator Ab Stimulator Rechargeable Ultimate Abs Stimulator for Men Women Abdominal Work Out Ads Power Fitness Abs Muscle,JDASDASF,"8 Pack ab stimulator:The USB rechageable muscle stimulator is for body muscle training. This Ultimate ABS Stimulator can help to tone, tighten and strenghten your body muscles, you can gain a better figure after consecutive use of this product for about 2 months.
Good viscosity: The gel sheets pads replacement for the gel pad are import glue. Note: After 30 uses or more than 30 days of opening, th"
58971_B07V7GQWJC,58971,B07V7GQWJC,kohler carburetor linkage,Throttle Adjustable Linkage for Kohler K-Series Carburetors,iSaveTractors,"Adjustable Throttle Linkage for Kohler K Series Carburetors with Ball Joint on the throttle arm. 3/16"" e-clip included. Replaces: Kohler 45 208 03-S Kohler 235277-S"
8424_B01C6AFDM6,8424,B01C6AFDM6,always be my maybe,The Brainwashing of My Dad,,
102172_B07JN9PDV3,102172,B07JN9PDV3,the man in the high castle,The Man In The Iron Mask,,
68443_B073XS3CHW,68443,B073XS3CHW,metal strips with holes,"Command Small Picture Hanging Strips, 18-Pairs (36-Strips), Decorate Damage-Free, Easy to Open Packaging",Command,"INCLUDES- 18 Pairs of Small, White Command Picture Hanging Strips (36 Strips total); 4 Pairs hold 4 lbs. Maximum frame size of 8 inches x 10 inches
DAMAGE-FREE DECORATING- Say goodbye to holes, marks, or sticky residue on your walls; Command Picture Hanging Strips by 3M are easy to use and help keep your walls looking beautiful
NO TOOLS REQUIRED- Hang picture frames, wall art, mirrors, wall clocks"
11619_B075T39QB7,11619,B075T39QB7,b'one cup coffee dr',Starbucks K-Cup Coffee Pods—Medium & Dark Roast Variety Pack—100% Arabica—6 boxes (60 pods total),Starbucks,"PREMIUM COFFEE IN A K-CUP—Starbucks delivers exceptional coffee cup after cup with this variety pack featuring some of our popular medium and dark roast coffees—60 total K-Cup pods for Keurig brewers
VARIETY PACK—This Starbucks variety pack includes Pike Place Roast, Breakfast Blend, House Blend, Caffè Verona, Sumatra and French Roast
FRESH TASTE—Starbucks adheres to the highest quality standards—"
19331_B07TPZ5JZB,19331,B07TPZ5JZB,boys' sneakers yellow,"PUMA Unisex-Kid's Smash Glitz Velcro Sneaker, Orchid Silver, 13.5 M US Little Kid",PUMA,"Casual Athletic Sneaker
Smash"
30592_B007XYIWGA,30592,B007XYIWGA,cubu underwear,Funnybone Toys / CUBU - An Award-Winning Two-in-One Card Game,Funnybone Toys,Cubu Card Game Games
102454_B013FU4Y9E,102454,B013FU4Y9E,the tummy tuck belt,"Ekouaer Waist Trainer Vest Women's Firm Compression Waist Cincher Tummy Tuck Slimming Belt,Black-Vest,2XL",Ekouaer,"◆Premium materia:Ekouaer waist train vest is made of high quality 90%polyester and 10% spandex soft fabrics,which are smooth,healthy,moisture wicking,elastic and stretchable,flexible and breathable,comfortable to wear.
◆Maximize firm&Adjustable straps:corset is equipped with 3 rows of hook eye closure ,to ensure you could fit it at most extenet,and give you a sexy natural curve.
◆U-Shape Push Up B"
98472_B01MRLZ43B,98472,B01MRLZ43B,straw circle mirror,"Drill Brush Attachment - Bathroom Surfaces Tub, Shower, Tile and Grout All Purpose Power Scrubber Cleaning Kit –Grout Drill Brush Set – Drill Brushes by Drill Brush Power Scrubber by Useful Products",Drill Brush Power Scrubber by Useful Products,"This kit contains medium stiffness nylon power brushes that will attach to your favorite cordless drill
3 different sizes and shapes of brushes for cleaning around your bathroom surfaces
These nylon bristles will not scratch and can be used on tubs, sinks, baseboards, fiberglass shower enclosures, shower door tracks, and porcelain
all three brushes have quarter inch QUICK CHANGE shafts,Cordless dr"
94192_B07N3TMDRT,94192,B07N3TMDRT,skull,"Skull Duvet Cover Set Queen,3D Printed Black Ride or Die Skull Bedding Set with 2 Pillowcases,Halloween Decor Motorcycle Comforter Cover Set Microfibe Queen Size 90"" x 90""(Not Comforter)",WONGS BEDDING,"💀[PACKAGE & SIZE]：This Black Skull Beauty duvet cover set include 3 Piece.Available in duvet cover Queen: 1 duvet cover (90""x 90"") and 2 pillowcases (20""x 26""). TIPS: COMFORTER AND PILLOW ARE NOT INCLUDE.
💀[UNIQUE BLACK SKULL BEAUTY DESIGN]: This Skull duvet cover set is a Cool Black Skeleton Beauty design,3D printing,simple and fashionable pattern,the pattern is clear and the color is bright.Blac"
11924_B00IVDVWV4,11924,B00IVDVWV4,baby fisher price cat,Power Wheels Jeep Wrangler,Power Wheels,"Your purchase include One Power Wheels Red Jeep Wrangler. Charger and user manual
Weight limit – 130 lbs., Seat dimensions – 18” L x 8” W. Recommended age – 3 to 7 years. Battery Voltage – 12V
Realistic jeep wrangler styling
Doors open and close for easy in and out. Drives on hard surfaces and grass
Drives Max. forwards 5 mph (8 km/h). Max. reverse 2.5 mph (4 km/h)"
113966_B091YP5Z92,113966,B091YP5Z92,wow stick mini sd,"wowstick Mini Electric Screwdriver,3 LED Lights, Electric Screwdriver Cordless Rechargeable Set (23)",wowstick,"Efficient Work: Double torque 0.15/3Nm, which is totally power enough for your electronics devices repair work. Such as smart phone, RC drones, joystick, computer, camera and so on.
High Speed: High speed of 200 RPM, strictly by the international standards of precision screwdrivers. Reach the balance of high speed and protection for precision screws.
Pen Shape Design & Alumium Shell: Electric Mini"
78202_B07FSN77ZD,78202,B07FSN77ZD,paul stanley wig,Costume Wig | Qaccf 80s Wigs Halloween Costumes Male Rock Wig Long Culry Punk Heavy Metal Mullet Wig (Black),QACCF,"❤ 100% brand new. Heat Resistant Fiber and withstand 150 Degrees Centigrade Heat.
❤ Wig Cap Circumference is 22.5 Inches with Adjustable Straps to Fit the Majority.
❤ Men or Women Punk Metal Rocker Mullet Wig,Retro 1980s wig hair style.Themed fancy party,Halloween costume wigs,Cosplay or Just fun.
❤ Brand QACCF and Sold by QACCF DIRECT Store only.
❤ Ideal for Daily Use, Cosplay, Theme Parties, and"
108714_B01NCTY3HW,108714,B01NCTY3HW,vinpositine,"Brain Support Focus Supplement Pills - Support Healthy Brain Function with Nootropics, Improve Memory and Boost Focus - Alpha GPC, Lions Mane Extract, Bacopa Monnieri",1 Body,"Improve Memory & Learning - Nourish your mind with brain supplements that promote better recall & memory retention to improve your communication skills, enhance learning & access to memories
Enjoy Greater Focus & Clarity - Nothing turns you into a pro faster than having better focus concentration and mental clarity to attack your work and studies now without feeling the constant pressure to get di"
17060_B0100R3PBS,17060,B0100R3PBS,blast zone water slide,Inflatable HQ Commercial Grade Bounce House 100% PVC Crayon Castle Jumper Inflatable Only,Inflatable HQ,"Approximately 17 x 13 x 13 feet total inflated size
Complies with the Lead Free Toys Act
A 1200 watt blower is required for use and not included
Made of 100% commercial grade PVC
Integrated covered roof keeps the sun off the kids"
100208_B01IB3TF0S,100208,B01IB3TF0S,tablecloth long retro,"DII Summer Stripe Outdoor Tabletop Collection, Stain Resistant & Waterproof, 60x120"", Stripe",DII,"INDOOR & OUTDOOR USE: Enjoy a quality tablecloth that is stain resistant and waterproof measuring 60 x 120-inch, made of 100% polyester with a 1"" hem, seats 10-12 people
EASY TO CLEAN: Material can be wiped clean or machine washed on gentle cycle, tumble dry low and Low iron if needed; use again and again
ENJOY WARMER WEATHER: Bring life to your patio or deck with vibrant table top options to host"
105483_B0948NMZ1F,105483,B0948NMZ1F,truly's,Hallmark 3 Film Collection (Harvest Love/Pumpkin Pie Wars/Truly Madly Sweetly),,"<B>Harvest Love</B><BR> A widowed surgeon visits her family’s pear orchard in hopes of taking a break from her overbooked life and reconnecting with her distant son. She starts to fall for the farm manager, Will, who is growing a new hybrid pear and teaches her the importance of her heritage. Stars Jen Lilley and Ryan Paevey.<BR><BR> <B>Pumpkin Pie Wars</B><BR> Ten years ago, Faye and Lydia each o"
1441_B07FPFVD7K,1441,B07FPFVD7K,100 yd lightweight yard hose without nozzle,"100ft Expandable Garden Hose - New Improved Flexible Water Hose with Heavy Duty Expanding Latex Core, Fabric Casing and 3/4 Solid Brass Connectors Fittings",HDKing,"UPGRADED GARDEN HOSE - New improved with more premium materials and advanced craft - 3 times expandable, very lightweight, durable, will not leak, tangle, twist, or kink.
3 TIMES EXPANDABLE - Under over 6 bar water pressure, the 100FT magic hose with original 33.3 feet can fully expand to max 100 feet, but can retract to 33.3 feet fast when water source is turned off.
LIGHTWEIGHT & PORTABLE - The "
75306_B07X23SXHD,75306,B07X23SXHD,oil of play,Earnest Living Essential Oil Diffuser with Bluetooth Speaker 300ml Defuser with Four Timers Night Lights and Auto Off Function Home Office Aromatherapy Diffusers for Essential Oils,Earnest Living,"Essential Oil Diffusers are a good way to improve your home’s air and atmosphere quality, overcome the smell of pets or smoking, protect your family from excessively dry air, and relieve stress from all day’s work.
Aromatherapy Defuser is equipped with waterless auto shut-off function. Fill it with water and add a few drops of essential oils, and make a comfortable and unique aroma space while you"
38955_B091FKTCN8,38955,B091FKTCN8,eyeglasses without nose pads,"Eyeglasses Nose Pads, TEKPREM Glasses Nose Pads Replacement Repair Tools Kit with 5 Pairs of Air Chamber Silicone Nose Pads,Screws,Screwdrivers,Tweezer and Cleaning Cloth for Glasses and Sunglasses",TEKPREM,"[Complete Nose Pads Kit with Case]: This glasses nose pads kit include 2 types of nose pads screws, 2 eyeglass screwdriver, 5 pairs of nose pads, tweezer and cleaning cloth. Packed in case and everything you need for your eyeglass nose pieces replacement.
[Quality Silicone Nose Pads]: Premium quality silicone nose pads, soft, air chamer design and comfortable with no bad smells. Include 5 pairs of"
2464_B06Y1F2W4F,2464,B06Y1F2W4F,1u blank vented,"AC Infinity Rack Panel Accessory Vent 1U Space for 19"" Rackmount, Premium Aluminum Build and Anodized Finish",AC Infinity,"Designed to be installed into high-end AV and home theater racks, and takes 1U of rack space.
Vented panel helps conceal gaps in the rack and supports proper thermal control by directing airflow.
Constructed with high-grade alloy aluminum, anodized black with a light brushed finish.
CNC-machined rounding and chamfering on all corners and edges for a high-end look.
Top and bottom flanges curved bac"
58971_B01BFGL1AK,58971,B01BFGL1AK,kohler carburetor linkage,"The ROP Shop Carburetor with Linkage Kit for Kohler A-237772, E-275249, 4705313-S, 4785302-S fits M12 Models",The ROP Shop,Sold on Amazon
39195_B08BJ1MTJY,39195,B08BJ1MTJY,face masks without nose wire,"Bloch unisex adult Soft Stretch Reusable With Lanyard and Moldable Nose Pad (Pack of 3) Face Mask, Black, One Size US",Bloch,"Convenient lanyard keeps the mask safely around your neck
Two layers of breathable soft stretch fabric
Adjustable stoppers for ear loops, Moldable nose pad
Odor resistant and Environmentally friendly
Washable and reusable, without harmful chemicals going into the environment"
2546_B07J6RP8X5,2546,B07J6RP8X5,2 gang recessed low voltage cable wall plate,Wi4You Brush Wall Plate White Deco Bristle Single Gang Wall Plate with Mounting Bracket for Low Voltage Cable Pass Through White 2 Set,Wi4you,"Brush wall plate for cables concealing easy - 1 gang Low Voltage wall plate for all low voltage cables of the panel TV and home theater system; With wall plate with brush, layout the cables directly from the drawall smoothly. Besides, the wall plates brush is just liake a flexible dust cover
Manage cables with Cable wall plate - The decora brush wall plate makes your home will looks clean and neat"
18631_B082FX57RK,18631,B082FX57RK,"bose ""soundlink revolve"" power cord oem",USB Charger for Bose Soundlink Micro Speaker Bluetooth with 6Ft Power Cord Cable,ANTOBLE,"COMPATIBILITY: Bose SoundLink Color Portable Speaker 627840-1110, 627840-1210, 627840-1410, 627840-1510, 627840-1610, Bose SoundLink Mini II 725192-1110, 725192-1310; Bose SoundLink Micro 783342-0100 783342-0900 783342-0500; Bose Soundwear Companion Wearable Speaker 771420-0010 and other Micro USB Bose Chargers Bose SoundLink around-ear wireless headphones II AE2W 741158-0010, 741158-0020 Bose Sou"
15124_B07K778RV9,15124,B07K778RV9,best mp3 player,"Mymahdi MP3/MP4 Portable Player,1.8 Inch LCD Screen,Max Support 64GB,Pink",MYMAHDI,"&radic;HOW TO USE: just copy music from smartphone or PC with your sd card to Mymahdi player you can enjoy the music you want also it can be used as a card reader
&radic;Expandable to 64GB:Provided for more music and audiobooks etc,max support 64GB TF card.(Note:The card is not include)Recommend to use the MYMAHDI Original memory Cards
&radic;Multi-functional: music player,photo viewer, E-book rea"
102588_B07MXGXNDD,102588,B07MXGXNDD,thermal paste spreader,"Noctua NA-SCW1, Cleaning Wipes for Thermal Paste (20 Pieces)",Noctua,"Cleaning wipes for removing thermal compounds such as Noctua NT-H2 and NT-H1
Ideal for cleaning the contact surface of the heatsink as well as the heat-spreader of CPUs, GPUs or other chips
Pre-moistened with a custom detergent mixture for easy and efficient cleaning
Large size (15x12cm) is usually enough to clean both the chip and the cooler
Pack contains 20 individually packed wipes"
764_B00KEJAARA,764,B00KEJAARA,1 in. mens western belts leather without buckle,"Nocona Belt Co. Men's Blue Tribal Bead, Tan, 36",Nocona Belt Co.,Belt in basket-weave texture featuring beaded inlay and silver-tone buckle with intricate Western tooling
22824_B07M8L64L4,22824,B07M8L64L4,car seat for dogs small 5 - 15 lbs,"SlowTon Dog Seatbelt, 2 Pack Pet Car Seatbelt Headrest Restraint Adjustable Puppy Safety Seat Belt Reflective Elastic Bungee Connect Dog Harness in Vehicle Travel Daily Use (Fluorescence Pink)",SlowTon,Headrest Restraint Design --- This dog seatbelt (2pcs included) is designed with headrest restraint. It can be used in all models of Vehicle which has headrest. The strap circle which hanging on the headrest is connected by a lockable quick release buckle. The lockable buckle prevents the circle from opening and makes sure your pet safe. Adjust the seatbelt to the max length and grip the strap cir
80465_B00O8U3ZI2,80465,B00O8U3ZI2,pioner dj controller,"Pioneer DJ Direct Drive DJ Turntable, Black, 10.80 x 18.60 x 22.30 (PLX1000)",Pioneer DJ,"The high-torque direct drive ensures stable rotation and exceptional control
Heavy-mass, die-cast chassis prevents resonance and vibrations
Multi-tempo control lets you instantly Pick up or slow down the track to +/-8%, +/-16%, while a simple reset button instantly reverts to +/-0%
Interchangeable power and audio cables can be easily connected and replaced, and Pro-grade gold-plated RCA jacks ensu"
21855_B07HJRSNH6,21855,B07HJRSNH6,camelbak,"CamelBak Classic 85 oz., Lapis Blue/Atomic Blue, One Size",CamelBak,"Crux delivers 20% more water per sip, with an ergonomic handle for easy refilling and an on/off lever to prevent leaks.
Breathable air mesh back panel for a lightweight, comfortable fit
Reflective accents for visibility in low-light environments
Secure zippered pocket for essentials
Lightweight, ventilated mesh harness"
48017_B00NAAUQLU,48017,B00NAAUQLU,gummy bear plush,Gummibär - The Gummy Bear Insulated Soft Lunch Box,Gummibär,"Official Gummibär brand lunch box.
Unzips on 3 sides.
Adjustable shoulder strap and top handle.
Food-safe and PVC-free; Wipe clean with a damp cloth between uses.
Insulated lunchbox dimensions approx 8"" W x 4"" D x 10'' H"
68974_B085RRVPQV,68974,B085RRVPQV,midi cc controller fader,xPAD USB MIDI drum pad controller with Cubase LE,Midiplus,"MIDIPLUS xPAD USB MIDI drum pad controller with Cubase LE
Fader potentiometer (S1,S2) ★unlimited rotation data regulator (K1,K2) ★ 16 drum pads
★“Pad/cc” key ★“prig/reset” key ★“bank-(1/2/3)”key ★“channel/save” key ★“beat” key ★“set/tempo” key
There will be a USB jack on the side of the unit. The unit will be a Class compliant with both Mac and Pc. It will mount as a USB-MIDI device. The unit will"
42449_B07N116D3C,42449,B07N116D3C,free,Alice in Wonderland: The Complete Collection,,"Here you will find the &apos;Alice in Wonderland&apos; complete collection:<br><br>- Alice&apos;s Adventures Under Ground<br>- Alice&apos;s Adventures in Wonderland<br>- Through the Looking Glass<br>- The Hunting of the Snark<br>- The Nursery &apos;Alice&apos;<br><br>As a bonus, you will also find a chapter from Through the Looking Glass that was lost for more than 100 years."
8938_1250262968,8938,1250262968,an altar in the world by barbara brown taylor,The Book of Soul: 52 Paths to Living What Matters,St. Martin's Essentials,
109851_B07DPJNDVZ,109851,B07DPJNDVZ,watch winders for rolex,"Driklux Double Watch Winder for Rolex and Other Luxury Watches - Automatic Winder with Quiet Motor, Premium Black Ostrich Leather Exterior and Soft Flexible Watch Pillows of Camel Velvet",Driklux,"WINDING MECHANISM: Five rotation modes rotate at an average speed of six laps per minute. Driklux's premium automatic watch winders support various different sized luxury watches while adding a touch of class to your watch collection.
SILENT MOTORS: Super quiet motor is selected to maintain even speed and quiet rotation. You can display this automatic watch winder box in your bedroom or closet and"
83407_B00EISBC0W,83407,B00EISBC0W,printed megaphones,Cheerleader Pom Pom and Megaphone (Green),Forum Novelties,"Includes: Green Pom Poms And Megaphone.
Take your Halloween to the next level with festive costumes, decor and accessories!
100% Plastic
One-Size"
19242_B01N6TD7UI,19242,B01N6TD7UI,boys purple under armour shirt,"Under Armour Boys' Little Big Logo Short Sleeve Tee Shirt, Traffic Cone Orange 181, 6",Under Armour,"4-way stretch fabrication allows greater mobility in any direction
Moisture transport system wicks sweat and dries fast"
64591_B016NY7784,64591,B016NY7784,macbook air refurbished 13 inch,Apple Pencil,Apple,"Apple Pencil features the precision, responsiveness, and natural fluidity of a traditional writing instrument and the versatility to become so much more.
With Apple Pencil, you can turn iPad into your notepad, canvas, or just about anything else you can imagine.
Compatible with iPad (6th, 7th, and 8th generation), iPad Air (3rd generation), iPad mini (5th generation), iPad Pro 12.9-inch (1st and 2"
47397_B01GF3HK9O,47397,B01GF3HK9O,green yankees cap,New Era Men's 59FIFTY? New York Yankees Green Hat 7 3/4,New Era,"Official league logo in raised embroidery on back
Authentic, original 59FIFTY cap for cool and comfortable fit
Durable, easy to care 100% wool
Officially licensed by MLB"
103424_B0048W5OQ6,103424,B0048W5OQ6,titanium catchers mask,Bauer Emergency Helmet Repair Kit,Bauer,"Keep in your bag and you'll never have to worry about missing helmet parts.
Hardware compatible with most brands of helmets including BAUER, Mission and ITECH
Screws 1/4 (4) * Screws 3/8 (4) * Square Round Post (2)
Side Post Short (2) * Side Post Long (2) * Facemask Round Side Post (2)
Lock Screws (2) * Screw Stud (2) * Screwdriver (1)"
48654_B07X7CNYQH,48654,B07X7CNYQH,halloween wallets for women,Book of Spells Wallet,WonderMolly,"A wallet that is quite captivating, no spells were actually used
Measures Approx: 7.5"" (L) x 1.5"" (W) x 5"" (H)
Quality vinyl material and uniquely designed
Dual secure zippered and magnetic clasp closures"
6298_B01E9GBRU2,6298,B01E9GBRU2,acer chromebook r 11 convertible laptop cover,"Acer C720p-2625 11.6in Touchscreen ChromeBook Intel Celeron 2955U Dual-core 1.40 GHz 4 GB RAM, 16 GB SSD, Chrome OS (Renewed)",Acer,"11. 6"" touchscreen 1366 x 768 ( HD )
SuperSpeed USB transfers data up to 5Gbps, up to 10X faster than Hi-Speed USB
Intel HD Graphics with Shared Memory
7. 50 Hour Battery Run Time"
90442_B086KMYNSS,90442,B086KMYNSS,sanding mask,"Jointown Face Mask, Pack of 50 (5081)",Jointown,"This is a general use face mask.
This mask is not intended for medical use, and not proven to reduce the transmission of disease.
Pack of 50 masks. These masks should be disposed of after each use.
Keep the blue-side outside and the nose clip on the upper side.
3-ply, with a melt-blown polypropylene filtration layer."
43663_B00JM82H0W,43663,B00JM82H0W,fusion pro glode refill,"Gillette ProGlide Mens Razor Blade Refills, 12 Count",Gillette,"SHARPEST BLADES: Our sharpest blades (first 4 blades) help get virtually every hair effortlessly
5-BLADES: 5 anti-friction blades for a close, long-lasting shave
ENHANCED LUBRASTRIP: Blade refills feature an enhanced lubracation strip (vs Fusion5) for comfort. Fades when you are no longer getting an optimal shave
UP TO 1 MONTH OF SHAVES PER REFILL: One razor blade refill lasts up to one month of s"
8038_1476753830,8038,1476753830,alison roman cookbook,"Salt, Fat, Acid, Heat: Mastering the Elements of Good Cooking",Simon & Schuster,SIMON SCHUSTER
31804_B093YWVDWD,31804,B093YWVDWD,dbxing,"BlazePod LED Flash Reflex Training Pods for Boxing & Martial Arts Sports. Improves Perception, Reaction Times, Speed & Agility- for Coaches and Individuals in Boxing Gyms, Dojos, Etc.",BlazePod,"✔️ BLAZEPODS ENHANCED TRAINING: Sharpen your fighters brain processing speeds for quicker and more efficient reactions while improving their awareness of the area of attack to respond better to opponents’ movements using the intuitive PODS in various activities. Help them gain that fighting edge!
✔️ BLAZEPODS ENHANCED TRAINING: Sharpen your fighters brain processing speeds for quicker and more eff"
57007_B07M5NPSDN,57007,B07M5NPSDN,kastking centron spinning reel fishing rod,"KastKing Lancelot Spinning Reel,Size 2000 Fishing Reel",KastKing,"A BOLD NEW CHALLENGER – With a name inspired by The Knights of the Roundtable, the KastKing Lancelot Spinning Reel is ready to put you in charge of any fishing battle! The new KastKing Lancelot spinning reel is full of knightly rugged features and is built to last. The Lancelot spin fishing reel has a strong, lightweight, and exceptionally rigid frame that’s ready to stand up to the test against p"
66893_B01N78U5CP,66893,B01N78U5CP,medium coat for dogs shoes,"URBEST Dog Shoes with Hook Loop Closure Booties Pet Dog Chihuahua Shoes Boots, 4Pcs (4#, Pink)",URBEST,"Material: Plush, Rubber.
Durable and non-slip.
Notice: Before making your purchase, please get proper measurements of your pet. Compare your results to the chart to determine size
Package Content: 4pcs x Dog Shoes.
Please choose 1-2cm larger than dog paw"
25415_B09G746GCR,25415,B09G746GCR,chic throw pillows,Bohemian Boho Chic Dark Navy Blue and Ivory Macrame Tufted Tassel Accent Decorative Couch Long Throw Zipper Body Pillow Cover Case 54x20 Solid Textured Minimalist Fringe Farmhouse Geometric Room Decor,KB & Me,"Design: Minimalist luxury dark navy cotton with textured hand tufted Ivory fringe trims in an oversized geometric pattern.
Set and Dimensions: (1) Body Pillow Cover, 54in. x 20in. (does not come with pillow insert)
Materials and Care: 100% Cotton - extremely soft and breathable. Machine washable. Tumble dry low.
Matching Accessories: KB & Me offers coordinating bedding sets, decorative throw pillo"
35000_B07S92Q8RB,35000,B07S92Q8RB,double front straight fit,"Carhartt Women's Petite Straight Fit Double Front Jean, Rainwash, 4 Short",Carhartt,Fit Type: Slim
85118_B07JMHNHY7,85118,B07JMHNHY7,quirky readin,"Dinosaur Species | Dino Fan Party Costume T-Rex Raptor Shirt Men Women T-Shirt-(Green,XL)",Ann Arbor T-shirt Co.,"MICHIGAN ARTISTS & PRINTERS | this design was drawn and screen printed (silk screened) with pride by our skilled illustrators and printers in Ann Arbor. If you're ever in the area, stop by for a free tour and see how we make your apparel! Tagless tag is printed on fabric inside collar, you can't feel it.
UNISEX MODERN FIT SIZING | this shirt is slightly tapered to be a little less boxy than the ol"
105822_B07VJCXC66,105822,B07VJCXC66,turtle galaxy s9 case,Samsung Galaxy S9 Plus Phone Case - Cholaty Turtle Pattern Design Soft TPU- CholatyClear Full Body Drop- CholatyProof Phone Case for Samsung Galaxy S9 Plus,Cholaty,"Designed for Samsung Galaxy S9 Plus.
Outer case 360 degree body protection,Not afraid of falling.
The cushioning angle provides enhanced drop protection for accidental drops and falls.
Precise cutting does not interfere with charging, speakers, ports or buttons.
Unique customized patterns add a touch of style to your phone!"
36969_B00W4WDK5E,36969,B00W4WDK5E,elastic cotton band,Adhesive Bandages – Pack of 305 Mixed Sizes Fabric Adhesive Bandages + Free Storage Bag. Tough and Flexible Cotton Elastic Fabric Strip Bands Aid Healing,Thrive,"Adhesive Band Aid: Looking for the best value and high quality band aids? Look no further! Our bandaids flexible fabric comes in a rip-stop nylon zippered storage bag Packed with 305 mixed sized fabric adhesive bandages. Our band aids various sizes includes 100 large – 2.85 inches x 0.75 inches, 75 intermediate – 2.20” x 0.75”, 65 small – 1.60” x 0.40” and 65 circular – .085” diameter.
Superior De"
11832_B074TSNMRH,11832,B074TSNMRH,baby boy winter clothes,"Carter's Baby Boys' 2-Pack One-Piece Romper, Red Stripe/Navy Dino, 18 Months",Carter's,"Nickel-free snaps at the legs
Select styles feature hoods"
105474_B07S4CPDGG,105474,B07S4CPDGG,true temper wheelbarrow wheel,"Flat Free Universal Wheelbarrow Replacement Tire and Wheel Assembly, White Rim, Ribbed Tread, 13"", 14.5"", or 16"" Wheel Sizes with Axle Shaft and Adapter Kit",Lapp Wheels,"The 13″ flat free wheelbarrow wheel is a 4.00-6 that comes with a 3 inch Hub.
The 14.5″ flat free wheelbarrow wheel is a 3.50-8 that comes with a 3 inch Hub.
The 16″ flat free wheelbarrow wheel is a 4.80/4.00-8 that comes with a 4 inch Hub.
Includes a 5/8"" bearing and bushings to make if work on almost any wheelbarrow
Also includes a Wheelbarrow Axle Shaft which means it will replace almost any wh"
9800_B088F9MFSH,9800,B088F9MFSH,apple tv,"Silicone Protective Case Cover for Apple TV 2 3 Remote Controller, Light Weight[Anti-Lost] Anti Slip Remote Control Skin Protector Sleeve-Green Glow in The Dark",Oyrlize,"Apple TV Silicone Protective case： Compatible with Apple TV 2nd,3rd Generation remote controller MC377LL/A.ATTENTION:Not compatible with Apple TV remote 4th and 5th Gen or any other replacement remote controller for Apple TV 2 & 3
Glow in the dark after inject energy via table lamp,flashlight,flash of cell phone.Easy to spot.Curved ergonomic design,Easy to hold.Precise cutting,easy installation, F"
7986_B00B73MULG,7986,B00B73MULG,alice clayton,Wallbanger (The Cocktail Series Book 1),,"<B>A bestselling hot, hilarious eBook by <I >USA TODAY</I> indie author Alice Clayton, the freshest voice to hit publishing in years. “An instant classic…highly recommended!” (<I>New York Times</I> and <I>USA TODAY</I> bestselling author Jennifer Probst).</B><br><br>Caroline Reynolds has a fantastic new apartment in San Francisco, a Kitchen Aid mixer to die for, and no O (and we’re not talking Opr"
108810_B08CWCG2BF,108810,B08CWCG2BF,vinyl records,S&M2 (Deluxe Box)(4LP)(2CD)(1 Blu-ray),Unbranded,Metallica- S&M2 (Deluxe Boxset)
24835_B00LIAHSM4,24835,B00LIAHSM4,channel hooks,"SCOSCHE LOC2SL Car Stereo 2-Channel Audio Adjustable Amplifier with Add-On Adapter and Remote Control Knob, Black",Scosche,"ADD SUBWOOFERS: Works with high power car stereo speakers, up to 80 watts per channel, to add subwoofer system to any car speaker system
EASY TO INSTALL: Provides amplifier remote to turn on output without removing car audio system
OUTPUT CONVERSION: Converts car stereo speaker wires output to RCA Cable outputs
ADDITIONAL CHANNEL: Allows the addition of 2-channel or mono amplifiers to factory or a"
12101_B07PH4649G,12101,B07PH4649G,baby picture frame iridescent,Personalized Baby Keepsake Box Customized Baptism Christening Gift Engraved Blue Glass Jewelry Trinket J Devlin Box 837 EB217-2,J Devlin Glass Art,"A perfectly sized pale blue glass box to hold her trinkets, treasures, or favorite jewelry pieces.
Personalize with a name and date to commemorate a baptism, first communion, confirmation, christening or the arrival of a new baby.
Lettering will be engraved and will appear in white frost on the clear beveled glass top.
Handcrafted stained glass box made with lead free solder to protect you and the"
52169_B07PPLX6L8,52169,B07PPLX6L8,husqvarna 322l,Hayskill C1Q-EL24 Carburetor w Air Filter Tune Up Kit for Husqvarna 123C 223L 322C 323R 123L 123LD 223R 322R 323C 323L 325C 325CX 325L 325LX 326C 326L String Trimmer Carb,Hayskill,"Carburetor replace for 503283401 503283111 503283110 5032834-01 5032831-11 5032831-10 588171156 C1Q-EL24 C1Q-EL24A
For Husqvarna 123C 123L 123LD 223L 223R 322C 322E 322R 323C 323E 323L 323LD 323R 323RJ 323P4 323HE3 323RII 323RJ trimmer
For Husqvarna 325LX 325LXT 325RX 325RXT 325RDX 325RJX 325CX 325LX 325LXT 325RX 326C 326RX 326L 326LX 326SX 326RJX 327RDX 327RJX 327RX 322C 322L 322R Trimmer Brushcu"
76733_B01GW8Y3O2,76733,B01GW8Y3O2,outer worlds ps4,Death Stranding - PlayStation 4,PlayStation,"From legendary game creator Hideo Kojima comes an all-new, genre-defying experience for the PlayStation 4.
Sam bridges must brave a world utterly transformed by the death stranding.
Carrying the disconnected remnants of our future in his hands, he embarks on a journey to reconnect the shattered world one step at a time."
20940_B07P98N5VT,20940,B07P98N5VT,buzz lightyear pillow,Disney Baby Toy Story Large 15” Stuffed Animal Plush Buzz,KIDS PREFERRED,"BUZZ STUFFED PLUSH: Kids Preferred presents this super soft, cute, charmingly detailed stuffed animal. Babies, toddlers, and kids love this classic and collectible comfy friend.
CARING FRIEND: This plush toy is a comforting pal and perfect for get well wishes, birthdays and more! It is a huggable travel friend for kids on road trips & airplanes, or a cute bedroom decoration.
MODERN CLASSIC TOY: Di"
101609_B07SH8WH4F,101609,B07SH8WH4F,teryx 4,SuperATV 4500 lb Black Ops Winch with Heavy Duty Winch Mounting Plate for 2014+ Kawasaki Teryx/Kawasaki Teryx 4 | Complete Winch & Winch Mount Kit Ready for Install!,SuperATV.com,"✔️【 Fits】2014+ Kawasaki Teryx / Kawasaki Teryx 4
【Complete, Bolt-On Ready Winch Kit】Want to make sure you are not stranded on the trail? This 4500 lb Winch Kit is exactly what you need. It includes our Black Ops 4500 Winch Kit and a Heavy-Duty Winch Mounting Kit specifically made to fit perfectly on your Kawasaki Teryx.
【4500Lb Superatv Winch】100% Waterproof Winch | Permanent Magnet 12V 1.3 Hp Dc "
